detail_url,evaluate_num,name,price,store,support
//item.jd.com/100008348542.html,500万+,AppleiPhone11(A2223)128GB黑色移动联通电信4G双卡双待,4899.00,Apple产品京东自营旗舰店,自营
//item.jd.com/100004770263.html,500万+,AppleiPhone11(A2223)128GB紫色移动联通电信4G双卡双待,4899.00,Apple产品京东自营旗舰店,自营
//item.jd.com/100004770249.html,500万+,AppleiPhone11(A2223)64GB红色移动联通电信4G双卡双待,4399.00,Apple产品京东自营旗舰店,自营
//item.jd.com/100008348472.html,500万+,AppleiPhone11(A2223)64GB绿色移动联通电信4G双卡双待,4499.00,Apple产品京东自营旗舰店,自营
//item.jd.com/100008348532.html,500万+,AppleiPhone11(A2223)128GB红色移动联通电信4G双卡双待,4899.00,Apple产品京东自营旗舰店,自营
//item.jd.com/100008348530.html,500万+,AppleiPhone11(A2223)128GB白色移动联通电信4G双卡双待,4899.00,Apple产品京东自营旗舰店,自营
//item.jd.com/100008348550.html,500万+,AppleiPhone11(A2223)128GB绿色移动联通电信4G双卡双待,4899.00,Apple产品京东自营旗舰店,自营
//item.jd.com/100004770247.html,500万+,AppleiPhone11(A2223)64GB白色移动联通电信4G双卡双待,4499.00,Apple产品京东自营旗舰店,自营
//item.jd.com/100008348508.html,500万+,AppleiPhone11(A2223)64GB紫色移动联通电信4G双卡双待,4499.00,Apple产品京东自营旗舰店,自营
//item.jd.com/100004770279.html,500万+,AppleiPhone11(A2223)256GB白色移动联通电信4G双卡双待,5699.00,Apple产品京东自营旗舰店,自营
//item.jd.com/100004770275.html,500万+,AppleiPhone11(A2223)256GB紫色移动联通电信4G双卡双待,5699.00,Apple产品京东自营旗舰店,自营
//item.jd.com/100008348534.html,500万+,AppleiPhone11(A2223)128GB黄色移动联通电信4G双卡双待,4899.00,Apple产品京东自营旗舰店,自营
//item.jd.com/100008348562.html,500万+,AppleiPhone11(A2223)256GB绿色移动联通电信4G双卡双待,5699.00,Apple产品京东自营旗舰店,自营
//item.jd.com/100004770235.html,500万+,AppleiPhone11(A2223)64GB黑色移动联通电信4G双卡双待,4499.00,Apple产品京东自营旗舰店,自营
//item.jd.com/100004770277.html,500万+,AppleiPhone11(A2223)256GB黑色移动联通电信4G双卡双待,5699.00,Apple产品京东自营旗舰店,自营
//item.jd.com/100008348564.html,500万+,AppleiPhone11(A2223)256GB红色移动联通电信4G双卡双待,5699.00,Apple产品京东自营旗舰店,自营
//item.jd.com/100004770251.html,500万+,AppleiPhone11(A2223)64GB黄色移动联通电信4G双卡双待,4499.00,Apple产品京东自营旗舰店,自营
//item.jd.com/100008348566.html,500万+,AppleiPhone11(A2223)256GB黄色移动联通电信4G双卡双待,5699.00,Apple产品京东自营旗舰店,自营
//item.jd.com/100000287115.html,200万+,AppleiPhoneXR(A2108)128GB白色移动联通电信4G双卡双待,4499.00,Apple产品京东自营旗舰店,自营
//item.jd.com/100000177756.html,200万+,AppleiPhoneXR(A2108)64GB白色移动联通电信4G双卡双待,3999.00,Apple产品京东自营旗舰店,自营
//item.jd.com/100000177760.html,200万+,AppleiPhoneXR(A2108)128GB黑色移动联通电信4G双卡双待,4499.00,Apple产品京东自营旗舰店,自营
//item.jd.com/100000177786.html,200万+,AppleiPhoneXR(A2108)64GB蓝色移动联通电信4G双卡双待,3999.00,Apple产品京东自营旗舰店,自营
//item.jd.com/100000177758.html,200万+,AppleiPhoneXR(A2108)64GB黑色移动联通电信4G双卡双待,3999.00,Apple产品京东自营旗舰店,自营
//item.jd.com/100000287163.html,200万+,AppleiPhoneXR(A2108)128GB红色移动联通电信4G双卡双待,4499.00,Apple产品京东自营旗舰店,自营
//item.jd.com/100000177766.html,200万+,AppleiPhoneXR(A2108)64GB红色移动联通电信4G双卡双待,3999.00,Apple产品京东自营旗舰店,自营
//item.jd.com/100000304401.html,200万+,荣耀8X千元屏霸91%屏占比2000万AI双摄4GB+64GB魅海蓝移动联通电信4G全面屏双卡双待,1399.00,荣耀京东自营旗舰店,自营
//item.jd.com/100000203564.html,200万+,荣耀8X千元屏霸91%屏占比2000万AI双摄6GB+64GB魅海蓝移动联通电信4G全面屏双卡双待,1599.00,荣耀京东自营旗舰店,自营
//item.jd.com/100004069403.html,100万+,荣耀9X麒麟8104000mAh超强续航4800万超清夜拍6.59英寸升降全面屏全网通6GB+128GB魅焰红,1899.00,荣耀京东自营旗舰店,自营
//item.jd.com/100005492529.html,100万+,AppleiPhone11(A2223)128GB黑色移动联通电信4G双卡双待【购机补贴版】,4899.00,Apple产品京东自营旗舰店,自营
//item.jd.com/100014348492.html,100万+,Redmi9A5000mAh大电量大屏幕大字体大音量1300万AI相机八核处理器人脸解锁4GB+64GB砂石黑游戏智能小米红米,599.00,小米京东自营旗舰店,自营
//item.jd.com/100005492529.html,100万+,AppleiPhone11(A2223)128GB黑色移动联通电信4G双卡双待【购机补贴版】,4899.00,Apple产品京东自营旗舰店,自营
//item.jd.com/100015330230.html,100万+,Redmi9A5000mAh1300万AI相机八核处理器人脸解锁4GB+128GB砂石黑游戏智能小米红米,799.00,小米京东自营旗舰店,自营
//item.jd.com/100014348492.html,100万+,Redmi9A5000mAh大电量大屏幕大字体大音量1300万AI相机八核处理器人脸解锁4GB+64GB砂石黑游戏智能小米红米,599.00,小米京东自营旗舰店,自营
//item.jd.com/100014348458.html,100万+,Redmi9A5000mAh大电量大屏幕大字体大音量1300万AI相机八核处理器人脸解锁4GB+64GB湖光绿游戏智能小米红米,599.00,小米京东自营旗舰店,自营
//item.jd.com/100014348478.html,100万+,Redmi9A5000mAh大电量大屏幕大字体大音量1300万AI相机八核处理器人脸解锁4GB+64GB晴空蓝游戏智能小米红米,599.00,小米京东自营旗舰店,自营
//item.jd.com/100008611953.html,100万+,Redmi9A5000mAh1300万AI相机八核处理器人脸解锁4GB+128GB晴空蓝游戏智能小米红米,799.00,小米京东自营旗舰店,自营
//item.jd.com/100015525548.html,100万+,Redmi9A5000mAh大电量大屏幕大字体大音量1300万AI相机八核处理器人脸解锁6GB+128GB湖光绿游戏智能小米红米,899.00,小米京东自营旗舰店,自营
//item.jd.com/100015525502.html,100万+,Redmi9A5000mAh大电量大屏幕大字体大音量1300万AI相机八核处理器人脸解锁6GB+128GB晴空蓝游戏智能小米红米,899.00,小米京东自营旗舰店,自营
//item.jd.com/100015330056.html,100万+,Redmi9A5000mAh1300万AI相机八核处理器人脸解锁4GB+128GB湖光绿游戏智能小米红米,799.00,小米京东自营旗舰店,自营
//item.jd.com/100008741129.html,100万+,Redmi9A5000mAh大电量大屏幕大字体大音量1300万AI相机八核处理器人脸解锁6GB+128GB砂石黑游戏智能小米红米,899.00,小米京东自营旗舰店,自营
//item.jd.com/100007958748.html,100万+,RedmiNote84800万全场景四摄4000mAh长续航高通骁龙66518W快充小金刚品质保证6GB+128GB皓月白游戏智能小米红米,999.00,小米京东自营旗舰店,自营
//item.jd.com/100007958750.html,100万+,RedmiNote84800万全场景四摄4000mAh长续航高通骁龙66518W快充小金刚品质保证6GB+128GB梦幻蓝游戏智能小米红米,999.00,小米京东自营旗舰店,自营
//item.jd.com/100007958736.html,100万+,RedmiNote84800万全场景四摄4000mAh长续航高通骁龙66518W快充小金刚品质保证6GB+128GB曜石黑游戏智能小米红米,999.00,小米京东自营旗舰店,自营
//item.jd.com/100007958758.html,100万+,RedmiNote84800万全场景四摄4000mAh长续航高通骁龙66518W快充小金刚品质保证6GB+64GB梦幻蓝游戏智能小米红米,999.00,小米京东自营旗舰店,自营
//item.jd.com/100009082500.html,100万+,Redmi8A5000mAh大电量大字体大音量大内存骁龙八核处理器AI人脸解锁莱茵护眼全面屏4GB+64GB深海蓝游戏智能老人小米红米,699.00,小米京东自营旗舰店,自营
//item.jd.com/100009082466.html,100万+,Redmi8A5000mAh大电量大字体大音量大内存骁龙八核处理器AI人脸解锁莱茵护眼全面屏4GB+64GB耀夜黑游戏智能老人小米红米,699.00,小米京东自营旗舰店,自营
//item.jd.com/100005138103.html,100万+,Redmi8A5000mAh大电量大字体大音量大内存骁龙八核处理器AI人脸解锁莱茵护眼全面屏4GB+64GB珊瑚橙游戏智能老人小米红米,699.00,小米京东自营旗舰店,自营
//item.jd.com/7694047.html,100万+,荣耀9i4GB+64GB幻夜黑移动联通电信4G全面屏双卡双待,899.00,荣耀京东自营旗舰店,自营
//item.jd.com/100009791484.html,100万+,AppleiPhone11(A2223)128GB白色移动联通电信4G双卡双待【购机补贴版】,4899.00,Apple产品京东自营旗舰店,自营
//item.jd.com/100016034358.html,100万+,AppleiPhone12(A2404)256GB蓝色支持移动联通电信5G双卡双待,7599.00,Apple产品京东自营旗舰店,自营
//item.jd.com/100016034374.html,100万+,AppleiPhone12(A2404)256GB绿色支持移动联通电信5G双卡双待,7599.00,Apple产品京东自营旗舰店,自营
//item.jd.com/100016034390.html,100万+,AppleiPhone12(A2404)128GB绿色支持移动联通电信5G双卡双待,6799.00,Apple产品京东自营旗舰店,自营
//item.jd.com/100009077475.html,100万+,AppleiPhone12(A2404)128GB白色支持移动联通电信5G双卡双待,6799.00,Apple产品京东自营旗舰店,自营
//item.jd.com/100011203359.html,100万+,AppleiPhone12(A2404)128GB紫色支持移动联通电信5G双卡双待,6799.00,Apple产品京东自营旗舰店,自营
//item.jd.com/100016034400.html,100万+,AppleiPhone12(A2404)128GB黑色支持移动联通电信5G双卡双待,6799.00,Apple产品京东自营旗舰店,自营
//item.jd.com/100016034394.html,100万+,AppleiPhone12(A2404)128GB蓝色支持移动联通电信5G双卡双待,6799.00,Apple产品京东自营旗舰店,自营
//item.jd.com/100016034380.html,100万+,AppleiPhone12(A2404)64GB蓝色支持移动联通电信5G双卡双待,6299.00,Apple产品京东自营旗舰店,自营
//item.jd.com/100016034356.html,100万+,AppleiPhone12(A2404)256GB红色支持移动联通电信5G双卡双待,7599.00,Apple产品京东自营旗舰店,自营
//item.jd.com/100016034376.html,100万+,AppleiPhone12(A2404)256GB白色支持移动联通电信5G双卡双待,7599.00,Apple产品京东自营旗舰店,自营
//item.jd.com/100020961282.html,100万+,AppleiPhone12(A2404)256GB紫色支持移动联通电信5G双卡双待,7599.00,Apple产品京东自营旗舰店,自营
//item.jd.com/100016034356.html,100万+,AppleiPhone12(A2404)256GB红色支持移动联通电信5G双卡双待,7599.00,Apple产品京东自营旗舰店,自营
//item.jd.com/100016034376.html,100万+,AppleiPhone12(A2404)256GB白色支持移动联通电信5G双卡双待,7599.00,Apple产品京东自营旗舰店,自营
//item.jd.com/100020961282.html,100万+,AppleiPhone12(A2404)256GB紫色支持移动联通电信5G双卡双待,7599.00,Apple产品京东自营旗舰店,自营
//item.jd.com/100016034378.html,100万+,AppleiPhone12(A2404)128GB红色支持移动联通电信5G双卡双待,6799.00,Apple产品京东自营旗舰店,自营
//item.jd.com/100009077457.html,100万+,AppleiPhone12(A2404)256GB黑色支持移动联通电信5G双卡双待,7599.00,Apple产品京东自营旗舰店,自营
//item.jd.com/100016034408.html,100万+,AppleiPhone12(A2404)64GB白色支持移动联通电信5G双卡双待,6299.00,Apple产品京东自营旗舰店,自营
//item.jd.com/100009077483.html,100万+,AppleiPhone12(A2404)64GB黑色支持移动联通电信5G双卡双待,6299.00,Apple产品京东自营旗舰店,自营
//item.jd.com/100016034422.html,100万+,AppleiPhone12(A2404)64GB绿色支持移动联通电信5G双卡双待,6299.00,Apple产品京东自营旗舰店,自营
//item.jd.com/100020961240.html,100万+,AppleiPhone12(A2404)64GB紫色支持移动联通电信5G双卡双待,6299.00,Apple产品京东自营旗舰店,自营
//item.jd.com/100009077477.html,100万+,AppleiPhone12(A2404)64GB红色支持移动联通电信5G双卡双待,6299.00,Apple产品京东自营旗舰店,自营
//item.jd.com/100007958788.html,100万+,RedmiNote8Pro6400万全场景四摄液冷游戏芯4500mAh长续航NFC18W快充红外遥控8GB+128GB贝母白游戏智能小米红米,1399.00,小米京东自营旗舰店,自营
//item.jd.com/100007958792.html,100万+,RedmiNote8Pro6400万全场景四摄液冷游戏芯4500mAh长续航NFC18W快充红外遥控6GB+128GB贝母白游戏智能小米红米,1299.00,小米京东自营旗舰店,自营
//item.jd.com/100004575499.html,100万+,RedmiNote8Pro6400万全场景四摄液冷游戏芯4500mAh长续航NFC18W快充红外遥控8GB+128GB电光灰游戏智能小米红米,1399.00,小米京东自营旗舰店,自营
//item.jd.com/100007958790.html,100万+,RedmiNote8Pro6400万全场景四摄液冷游戏芯4500mAh长续航NFC18W快充红外遥控8GB+128GB冰翡翠游戏智能小米红米,1399.00,小米京东自营旗舰店,自营
//item.jd.com/100006115185.html,100万+,RedmiNote8Pro6400万全场景四摄液冷游戏芯4500mAh长续航NFC18W快充红外遥控6GB+128GB暮光橙游戏智能小米红米,1299.00,小米京东自营旗舰店,自营
//item.jd.com/7437714.html,100万+,RedmiNote8Pro6400万全场景四摄液冷游戏芯4500mAh长续航NFC18W快充红外遥控6GB+128GB冰翡翠游戏智能小米红米,1299.00,小米京东自营旗舰店,自营
//item.jd.com/100011030020.html,100万+,RedmiNote8Pro6400万全场景四摄液冷游戏芯4500mAh长续航NFC18W快充红外遥控8GB+128GB暮光橙游戏智能小米红米,1399.00,小米京东自营旗舰店,自营
//item.jd.com/100018315008.html,50万+,AppleiPhone11(A2223)128GB紫色移动联通电信4G双卡双待【充电头套装】,4968.00,Apple产品京东自营旗舰店,自营
//item.jd.com/100009791468.html,50万+,AppleiPhone11(A2223)128GB紫色移动联通电信4G双卡双待【AirPods套装】,5698.00,Apple产品京东自营旗舰店,自营
//item.jd.com/100005492521.html,50万+,AppleiPhone11(A2223)128GB紫色移动联通电信4G双卡双待【购机补贴版】,4899.00,Apple产品京东自营旗舰店,自营
//item.jd.com/100003060627.html,50万+,荣耀20i3200万AI自拍超广角三摄全网通版6GB+64GB渐变蓝移动联通电信4G全面屏,1399.00,荣耀京东自营旗舰店,自营
//item.jd.com/100004934254.html,50万+,荣耀20i3200万AI自拍超广角三摄全网通版6GB+64GB渐变红移动联通电信4G全面屏双卡双待,1399.00,荣耀京东自营旗舰店,自营
//item.jd.com/100001364160.html,50万+,荣耀V20游戏麒麟980芯片魅眼全视屏4800万深感相机6GB+128GB魅海蓝移动联通电信4G全面屏,2199.00,荣耀京东自营旗舰店,自营
//item.jd.com/100011336096.html,50万+,小米10双模5G骁龙8651亿像素8K电影相机对称式立体声12GB+256GB冰海蓝,3299.00,小米京东自营旗舰店,自营
//item.jd.com/100011336110.html,50万+,小米10双模5G骁龙8651亿像素8K电影相机对称式立体声8GB+256GB冰海蓝,2999.00,小米京东自营旗舰店,自营
//item.jd.com/100014418850.html,50万+,小米10双模5G骁龙8651亿像素8K电影相机对称式立体声12GB+256GB国风雅灰,3299.00,小米京东自营旗舰店,自营
//item.jd.com/100006269391.html,50万+,小米10双模5G骁龙8651亿像素8K电影相机对称式立体声8GB+128GB冰海蓝,2799.00,小米京东自营旗舰店,自营
//item.jd.com/100011336094.html,50万+,小米10双模5G骁龙8651亿像素8K电影相机对称式立体声8GB+256GB蜜桃金,2999.00,小米京东自营旗舰店,自营
//item.jd.com/100011336124.html,50万+,小米10双模5G骁龙8651亿像素8K电影相机对称式立体声12GB+256GB蜜桃金,3299.00,小米京东自营旗舰店,自营
//item.jd.com/100011199522.html,50万+,小米10双模5G骁龙8651亿像素8K电影相机对称式立体声8GB+256GB钛银黑,2999.00,小米京东自营旗舰店,自营
//item.jd.com/100014418880.html,50万+,小米10双模5G骁龙8651亿像素8K电影相机对称式立体声8GB+256GB国风雅灰,2999.00,小米京东自营旗舰店,自营
//item.jd.com/100014418816.html,50万+,小米10双模5G骁龙8651亿像素8K电影相机对称式立体声8GB+128GB国风雅灰,2799.00,小米京东自营旗舰店,自营
//item.jd.com/100011336064.html,50万+,小米10双模5G骁龙8651亿像素8K电影相机对称式立体声8GB+128GB钛银黑,2799.00,小米京东自营旗舰店,自营
//item.jd.com/100011336100.html,50万+,小米10双模5G骁龙8651亿像素8K电影相机对称式立体声12GB+256GB钛银黑,3299.00,小米京东自营旗舰店,自营
//item.jd.com/100011336082.html,50万+,小米10双模5G骁龙8651亿像素8K电影相机对称式立体声8GB+128GB蜜桃金,2999.00,小米京东自营旗舰店,自营
//item.jd.com/100004404920.html,50万+,华为HUAWEIP30超感光徕卡三摄麒麟980AI智能芯片全面屏屏内指纹版8GB+128GB亮黑色全网通双4G,3688.00,华为京东自营官方旗舰店,自营
//item.jd.com/7651927.html,50万+,小米红米63GB+32GB铂银灰全网通4G双卡双待老人机智能拍照,699.00,小米京东自营旗舰店,自营
//item.jd.com/6703015.html,50万+,荣耀畅玩7C全面屏全网通标配版3GB+32GB铂光金移动联通电信4G双卡双待,899.00,荣耀京东自营旗舰店,自营
//item.jd.com/100016799352.html,50万+,RedmiNote9Pro5G一亿像素骁龙750G33W快充120Hz刷新率湖光秋色 8GB+256GB游戏智能小米红米,1999.00,小米京东自营旗舰店,自营
//item.jd.com/100009586259.html,50万+,RedmiNote9Pro5G一亿像素骁龙750G33W快充120Hz刷新率碧海星辰 8GB+128GB游戏智能小米红米,1799.00,小米京东自营旗舰店,自营
//item.jd.com/100016799388.html,50万+,RedmiNote9Pro5G一亿像素骁龙750G33W快充120Hz刷新率静默星空 8GB+256GB游戏智能小米红米,1999.00,小米京东自营旗舰店,自营
//item.jd.com/100016799350.html,50万+,RedmiNote9Pro5G一亿像素骁龙750G33W快充120Hz刷新率碧海星辰 8GB+256GB游戏智能小米红米,1999.00,小米京东自营旗舰店,自营
//item.jd.com/100009586279.html,50万+,RedmiNote9Pro5G一亿像素骁龙750G33W快充120Hz刷新率静默星空 8GB+128GB游戏智能小米红米,1799.00,小米京东自营旗舰店,自营
//item.jd.com/100016799386.html,50万+,RedmiNote9Pro5G一亿像素骁龙750G33W快充120Hz刷新率湖光秋色 8GB+128GB游戏智能小米红米,1799.00,小米京东自营旗舰店,自营
//item.jd.com/100016799390.html,50万+,RedmiNote9Pro5G一亿像素骁龙750G33W快充120Hz刷新率湖光秋色 6GB+128GB游戏智能小米红米,1499.00,小米京东自营旗舰店,自营
//item.jd.com/100009586257.html,50万+,RedmiNote9Pro5G一亿像素骁龙750G33W快充120Hz刷新率静默星空 6GB+128GB游戏智能小米红米,1499.00,小米京东自营旗舰店,自营
//item.jd.com/100016773618.html,50万+,RedmiNote9Pro5G一亿像素骁龙750G33W快充120Hz刷新率碧海星辰 6GB+128GB游戏智能小米红米,1499.00,小米京东自营旗舰店,自营
//item.jd.com/100007765934.html,50万+,诺基亚（NOKIA）105新黑色直板按键移动2G双卡双待老人老年学生备用功能机超长待机,149.00,诺基亚手机京东自营旗舰店,自营
//item.jd.com/100004841741.html,50万+,诺基亚（NOKIA）105新蓝色直板按键移动2G老人老年学生备用功能机超长待机,119.00,诺基亚手机京东自营旗舰店,自营
//item.jd.com/100008492072.html,50万+,诺基亚（NOKIA）105新黑色直板按键移动2G老人老年学生备用功能机超长待机,119.00,诺基亚手机京东自营旗舰店,自营
//item.jd.com/100004791609.html,50万+,诺基亚（NOKIA）105新红色直板按键移动2G老人老年学生备用功能机超长待机,119.00,诺基亚手机京东自营旗舰店,自营
//item.jd.com/100007765958.html,50万+,诺基亚（NOKIA）105新蓝色直板按键移动2G双卡双待老人老年学生备用功能机超长待机,129.00,诺基亚手机京东自营旗舰店,自营
//item.jd.com/100005920091.html,50万+,RedmiK305G双模120Hz流速屏骁龙765G前置挖孔双摄索尼6400万后置四摄30W快充 6GB+128GB紫玉幻境 游戏智能小米红米,1599.00,小米京东自营旗舰店,自营
//item.jd.com/100005920085.html,50万+,RedmiK305G双模120Hz流速屏骁龙765G前置挖孔双摄索尼6400万后置四摄30W快充 8GB+128GB紫玉幻境 游戏智能小米红米,1799.00,小米京东自营旗舰店,自营
//item.jd.com/100010640804.html,50万+,RedmiK305G双模120Hz流速屏骁龙765G前置挖孔双摄索尼6400万后置四摄30W快充 8GB+256GB深海微光 游戏智能小米红米,1999.00,小米京东自营旗舰店,自营
//item.jd.com/100010617232.html,50万+,RedmiK305G双模120Hz流速屏骁龙765G前置挖孔双摄索尼6400万后置四摄30W快充 6GB+128GB深海微光游戏智能小米红米,1599.00,小米京东自营旗舰店,自营
//item.jd.com/100010640356.html,50万+,RedmiK305G双模120Hz流速屏骁龙765G前置挖孔双摄索尼6400万后置四摄30W快充 6GB+128GB时光独白 游戏智能小米红米,1599.00,小米京东自营旗舰店,自营
//item.jd.com/100010640492.html,50万+,RedmiK305G双模120Hz流速屏骁龙765G前置挖孔双摄索尼6400万后置四摄30W快充 8GB+256GB时光独白 游戏智能小米红米,1999.00,小米京东自营旗舰店,自营
//item.jd.com/100004478931.html,50万+,诺基亚（NOKIA）105新红色直板按键移动2G双卡双待老人老年学生备用功能机超长待机,149.00,诺基亚手机京东自营旗舰店,自营
//item.jd.com/100009219552.html,50万+,荣耀20青春版AMOLED屏幕指纹4000mAh大电池20W快充4800万6GB+128GB蓝水翡翠,1699.00,荣耀京东自营旗舰店,自营
//item.jd.com/100010338198.html,50万+,RedmiK30王一博同款120Hz流速屏前置挖孔双摄索尼6400万后置四摄4500mAh超长续航27W快充6GB+128GB紫玉幻境游戏智能小米红米,1299.00,小米京东自营旗舰店,自营
//item.jd.com/100010338200.html,50万+,RedmiK30王一博同款120Hz流速屏前置挖孔双摄索尼6400万后置四摄4500mAh超长续航27W快充8GB+128GB花影惊鸿游戏智能小米红米,1399.00,小米京东自营旗舰店,自营
//item.jd.com/100010338196.html,50万+,RedmiK30王一博同款120Hz流速屏前置挖孔双摄索尼6400万后置四摄4500mAh超长续航27W快充6GB+128GB深海微光游戏智能小米红米,1299.00,小米京东自营旗舰店,自营
//item.jd.com/100010338210.html,50万+,RedmiK30王一博同款120Hz流速屏前置挖孔双摄索尼6400万后置四摄4500mAh超长续航27W快充8GB+128GB紫玉幻境游戏智能小米红米,1399.00,小米京东自营旗舰店,自营
//item.jd.com/100005088772.html,50万+,荣耀畅玩8C两天一充莱茵护眼刘海屏全网通版4GB+32GB幻影蓝移动联通电信4G全面屏双卡双待,899.00,荣耀京东自营旗舰店,自营
//item.jd.com/6946641.html,50万+,华为HUAWEIP20AI智慧徕卡双摄全面屏游戏6GB+128GB极光色全网通移动联通电信4G双卡双待,2788.00,华为京东自营官方旗舰店,自营
//item.jd.com/6946605.html,50万+,华为HUAWEIP20AI智慧徕卡双摄全面屏游戏6GB+64GB亮黑色全网通移动联通电信4G双卡双待,2788.00,华为京东自营官方旗舰店,自营
//item.jd.com/100006461607.html,50万+,荣耀Play36.39英寸魅眼全视屏4000mAh大电池真4800万AI三摄麒麟710F自研芯片畅玩全网通6GB+128GB幻夜黑,1499.00,荣耀京东自营旗舰店,自营
//item.jd.com/100004612379.html,50万+,荣耀Play36.39英寸魅眼全视屏4000mAh大电池真4800万AI三摄麒麟710F自研芯片畅玩全网通4GB+128GB魅焰红,1299.00,荣耀京东自营旗舰店,自营
//item.jd.com/100010341060.html,50万+,华为HUAWEInova5z麒麟810芯片4800万AI四摄3200万人像超级夜景6GB+128GB翡冷翠全网通双卡双待,1799.00,华为京东自营官方旗舰店,自营
//item.jd.com/100010341102.html,50万+,华为HUAWEInova5z麒麟810芯片4800万AI四摄3200万人像超级夜景6GB+128GB苏音蓝全网通双卡双待,1799.00,华为京东自营官方旗舰店,自营
//item.jd.com/4270025.html,50万+,天语（K-Touch）E2直板按键老人电信老人机学生备用2G功能机魅力红,139.00,天语手机京东自营官方旗舰店,自营
//item.jd.com/4270019.html,50万+,天语（K-Touch）T2红色老人语音播报移动联通2G直板按键大字大声老年学生备用功能,99.00,天语手机京东自营官方旗舰店,自营
//item.jd.com/5204046.html,50万+,天语（K-Touch）T2金色老人语音播报移动联通2G直板按键大字大声老年学生备用功能,99.00,天语手机京东自营官方旗舰店,自营
//item.jd.com/100016784118.html,50万+,RedmiNote94G6000mAh大电池骁龙662处理器18W快充烟波蓝8GB+128GB游戏智能小米红米,1299.00,小米京东自营旗舰店,自营
//item.jd.com/100016784108.html,50万+,RedmiNote94G6000mAh大电池骁龙662处理器18W快充羽墨黑6GB+128GB游戏智能小米红米,1049.00,小米京东自营旗舰店,自营
//item.jd.com/100009576427.html,50万+,RedmiNote94G6000mAh大电池骁龙662处理器18W快充羽墨黑8GB+128GB游戏智能小米红米,1299.00,小米京东自营旗舰店,自营
//item.jd.com/100016784100.html,50万+,RedmiNote94G6000mAh大电池骁龙662处理器18W快充烟波蓝6GB+128GB游戏智能小米红米,1049.00,小米京东自营旗舰店,自营
//item.jd.com/100016784116.html,50万+,RedmiNote94G6000mAh大电池骁龙662处理器18W快充雾光青6GB+128GB游戏智能小米红米,1049.00,小米京东自营旗舰店,自营
//item.jd.com/100016784078.html,50万+,RedmiNote94G6000mAh大电池骁龙662处理器18W快充雾光青8GB+128GB游戏智能小米红米,1299.00,小米京东自营旗舰店,自营
//item.jd.com/100009569227.html,50万+,RedmiNote94G6000mAh大电池骁龙662处理器18W快充羽墨黑4GB+128GB游戏智能小米红米,949.00,小米京东自营旗舰店,自营
//item.jd.com/100009576397.html,50万+,RedmiNote94G6000mAh大电池骁龙662处理器18W快充烟波蓝4GB+128GB游戏智能小米红米,949.00,小米京东自营旗舰店,自营
//item.jd.com/100017188754.html,50万+,RedmiNote94G6000mAh大电池骁龙662处理器18W快充烟波蓝8GB+256GB游戏智能小米红米,1499.00,小米京东自营旗舰店,自营
//item.jd.com/100017262430.html,50万+,RedmiNote94G6000mAh大电池骁龙662处理器18W快充曙光橙8GB+128GB游戏智能小米红米,1299.00,小米京东自营旗舰店,自营
//item.jd.com/100009845167.html,50万+,RedmiNote94G6000mAh大电池骁龙662处理器18W快充羽墨黑8GB+256GB游戏智能小米红米,1499.00,小米京东自营旗舰店,自营
//item.jd.com/100017188784.html,50万+,RedmiNote94G6000mAh大电池骁龙662处理器18W快充雾光青8GB+256GB游戏智能小米红米,1499.00,小米京东自营旗舰店,自营
//item.jd.com/100009854121.html,50万+,RedmiNote94G6000mAh大电池骁龙662处理器18W快充曙光橙6GB+128GB游戏智能小米红米,1049.00,小米京东自营旗舰店,自营
//item.jd.com/100016784110.html,50万+,RedmiNote94G6000mAh大电池骁龙662处理器18W快充雾光青4GB+128GB游戏智能小米红米,949.00,小米京东自营旗舰店,自营
//item.jd.com/100017188768.html,50万+,RedmiNote94G6000mAh大电池骁龙662处理器18W快充曙光橙4GB+128GB游戏智能小米红米,949.00,小米京东自营旗舰店,自营
//item.jd.com/100017188756.html,50万+,RedmiNote94G6000mAh大电池骁龙662处理器18W快充曙光橙8GB+256GB游戏智能小米红米,1499.00,小米京东自营旗舰店,自营
//item.jd.com/100005185609.html,50万+,华为HUAWEIMate305G旗舰芯片4000万超感光徕卡影像双超级快充8GB+128GB翡冷翠5G全网通游戏,4899.00,华为京东自营官方旗舰店,自营
//item.jd.com/100016813958.html,50万+,RedmiNote95G天玑800U18W快充4800万超清三摄青山外6GB+128GB游戏智能小米红米,1299.00,小米京东自营旗舰店,自营
//item.jd.com/100016813970.html,50万+,RedmiNote95G天玑800U18W快充4800万超清三摄流影紫6GB+128GB游戏智能小米红米,1299.00,小米京东自营旗舰店,自营
//item.jd.com/100016813968.html,50万+,RedmiNote95G天玑800U18W快充4800万超清三摄青山外8GB+256GB游戏智能小米红米,1669.00,小米京东自营旗舰店,自营
//item.jd.com/100016773624.html,50万+,RedmiNote95G天玑800U18W快充4800万超清三摄云墨灰6GB+128GB游戏智能小米红米,1299.00,小米京东自营旗舰店,自营
//item.jd.com/100016813988.html,50万+,RedmiNote95G天玑800U18W快充4800万超清三摄流影紫8GB+128GB游戏智能小米红米,1499.00,小米京东自营旗舰店,自营
//item.jd.com/100016813956.html,50万+,RedmiNote95G天玑800U18W快充4800万超清三摄云墨灰8GB+128GB游戏智能小米红米,1499.00,小米京东自营旗舰店,自营
//item.jd.com/100009596097.html,50万+,RedmiNote95G天玑800U18W快充4800万超清三摄云墨灰8GB+256GB游戏智能小米红米,1668.00,小米京东自营旗舰店,自营
//item.jd.com/100009596103.html,50万+,RedmiNote95G天玑800U18W快充4800万超清三摄流影紫8GB+256GB游戏智能小米红米,1699.00,小米京东自营旗舰店,自营
//item.jd.com/100009596081.html,50万+,RedmiNote95G天玑800U18W快充4800万超清三摄青山外8GB+128GB游戏智能小米红米,1499.00,小米京东自营旗舰店,自营
//item.jd.com/100020194472.html,50万+,RedmiNote95G天玑800U18W快充4800万超清三摄流影紫6GB+256GB游戏智能小米红米,1599.00,小米京东自营旗舰店,自营
//item.jd.com/100020194496.html,50万+,RedmiNote95G天玑800U18W快充4800万超清三摄云墨灰6GB+256GB游戏智能小米红米,1599.00,小米京东自营旗舰店,自营
//item.jd.com/100006679327.html,50万+,RedmiK30Pro5G先锋骁龙865旗舰处理器弹出式超光感全面屏索尼6400万高清四摄4700mAh超长续航33W闪充8GB+256GB太空灰游戏智能小米红米,2999.00,小米京东自营旗舰店,自营
//item.jd.com/7596939.html,50万+,荣耀畅玩72GB+16GB金色全网通4G智能机老人双卡双待,599.00,荣耀京东自营旗舰店,自营
//item.jd.com/100005492505.html,50万+,AppleiPhone11(A2223)128GB绿色移动联通电信4G双卡双待【购机补贴版】,4899.00,Apple产品京东自营旗舰店,自营
//item.jd.com/100013364558.html,50万+,荣耀X105G双模麒麟8204300mAh续航4000万高感光影像系统6.63英寸升降全面屏全网通8GB+128GB探速黑,2399.00,荣耀京东自营旗舰店,自营
//item.jd.com/100006788665.html,50万+,荣耀Play4TPro麒麟810芯片OLED屏幕指纹4800万高感光夜拍三摄22.5W超级快充全网通8GB+128GB冰岛幻境,1699.00,荣耀京东自营旗舰店,自营
//item.jd.com/100007300009.html,50万+,荣耀X105G双模麒麟8204300mAh续航4000万高感光影像系统6.63英寸升降全面屏全网通8GB+128GB竞速蓝,2399.00,荣耀京东自营旗舰店,自营
//item.jd.com/100007300007.html,50万+,荣耀X105G双模麒麟8204300mAh续航4000万高感光影像系统6.63英寸升降全面屏全网通8GB+128GB光速银,2399.00,荣耀京东自营旗舰店,自营
//item.jd.com/100013309402.html,50万+,荣耀X105G双模麒麟8204300mAh续航4000万高感光影像系统6.63英寸升降全面屏全网通6GB+128GB竞速蓝,2199.00,荣耀京东自营旗舰店,自营
//item.jd.com/100007206415.html,50万+,荣耀X105G双模麒麟8204300mAh续航4000万高感光影像系统6.63英寸升降全面屏全网通6GB+128GB光速银,2199.00,荣耀京东自营旗舰店,自营
//item.jd.com/100007714557.html,50万+,荣耀X105G双模麒麟8204300mAh续航4000万高感光影像系统6.63英寸升降全面屏8GB+128GB燃力橙,2399.00,荣耀京东自营旗舰店,自营
//item.jd.com/100013364602.html,50万+,荣耀X105G双模麒麟8204300mAh续航4000万高感光影像系统6.63英寸升降全面屏全网通6GB+128GB探速黑,2199.00,荣耀京东自营旗舰店,自营
//item.jd.com/100013984394.html,50万+,荣耀X105G双模麒麟8204300mAh续航4000万高感光影像系统6.63英寸升降全面屏6GB+128GB燃力橙,2199.00,荣耀京东自营旗舰店,自营
//item.jd.com/100007265875.html,50万+,Redmi10X4GHelioG85游戏芯4800万超清四摄5020mAh大电量小孔全面屏128GB大存储6GB+128GB天际蓝游戏智能小米红米,1199.00,小米京东自营旗舰店,自营
//item.jd.com/100014897258.html,50万+,Redmi10X4GHelioG85游戏芯4800万超清四摄5020mAh大电量小孔全面屏128GB大存储6GB+128GB明月灰游戏智能小米红米,1199.00,小米京东自营旗舰店,自营
//item.jd.com/100008323095.html,50万+,Redmi10X4GHelioG85游戏芯4800万超清四摄5020mAh大电量小孔全面屏128GB大存储4GB+128GB明月灰游戏智能小米红米,999.00,小米京东自营旗舰店,自营
//item.jd.com/100013314070.html,50万+,Redmi10X4GHelioG85游戏芯4800万超清四摄5020mAh大电量小孔全面屏128GB大存储4GB+128GB冰雾白游戏智能小米红米,999.00,小米京东自营旗舰店,自营
//item.jd.com/100007265873.html,50万+,Redmi10X4GHelioG85游戏芯4800万超清四摄5020mAh大电量小孔全面屏128GB大存储6GB+128GB冰雾白游戏智能小米红米,1199.00,小米京东自营旗舰店,自营
//item.jd.com/100007265861.html,50万+,Redmi10X4GHelioG85游戏芯4800万超清四摄5020mAh大电量小孔全面屏128GB大存储4GB+128GB松晨绿游戏智能小米红米,999.00,小米京东自营旗舰店,自营
//item.jd.com/100007252923.html,50万+,Redmi10X4GHelioG85游戏芯4800万超清四摄5020mAh大电量小孔全面屏128GB大存储4GB+128GB天际蓝游戏智能小米红米,999.00,小米京东自营旗舰店,自营
//item.jd.com/100007265883.html,50万+,Redmi10X4GHelioG85游戏芯4800万超清四摄5020mAh大电量小孔全面屏128GB大存储6GB+128GB松晨绿游戏智能小米红米,1199.00,小米京东自营旗舰店,自营
//item.jd.com/100007683001.html,50万+,Redmi9全场景AI四摄高性能游戏芯4GB+64GB墨黛青游戏智能小米红米,769.00,小米京东自营旗舰店,自营
//item.jd.com/100013946176.html,50万+,Redmi9大字体大音量大内存全场景AI四摄高性能游戏芯6GB+128GB藕荷粉游戏智能小米红米,1169.00,小米京东自营旗舰店,自营
//item.jd.com/100013937366.html,50万+,Redmi9大字体大音量大内存全场景AI四摄高性能游戏芯4GB+64GB霓虹蓝游戏智能小米红米,769.00,小米京东自营旗舰店,自营
//item.jd.com/100007673355.html,50万+,Redmi9全场景AI四摄高性能游戏芯4GB+64GB碳素黑游戏智能小米红米,769.00,小米京东自营旗舰店,自营
//item.jd.com/100013941182.html,50万+,Redmi9大字体大音量大内存全场景AI四摄高性能游戏芯4GB+128GB碳素黑游戏智能小米红米,869.00,小米京东自营旗舰店,自营
//item.jd.com/100007682939.html,50万+,Redmi95020mAh大电量1080P全高清大屏大字体大音量大内存全场景AI四摄高性能游戏芯4GB+64GB藕荷粉游戏智能小米红米,769.00,小米京东自营旗舰店,自营
//item.jd.com/100013941160.html,50万+,Redmi95020mAh大电量1080P全高清大屏大字体大音量大内存全场景AI四摄高性能游戏芯4GB+128GB霓虹蓝游戏智能小米红米,869.00,小米京东自营旗舰店,自营
//item.jd.com/100013941158.html,50万+,Redmi9大字体大音量大内存全场景AI四摄高性能游戏芯4GB+128GB墨黛青游戏智能小米红米,869.00,小米京东自营旗舰店,自营
//item.jd.com/100007688877.html,50万+,Redmi95020mAh大电量1080P全高清大屏大字体大音量大内存全场景AI四摄高性能游戏芯6GB+128GB碳素黑游戏智能小米红米,1169.00,小米京东自营旗舰店,自营
//item.jd.com/100013941156.html,50万+,Redmi9大字体大音量大内存全场景AI四摄高性能游戏芯4GB+128GB藕荷粉游戏智能小米红米,869.00,小米京东自营旗舰店,自营
//item.jd.com/100013946208.html,50万+,Redmi9大字体大音量大内存全场景AI四摄高性能游戏芯6GB+128GB霓虹蓝游戏智能小米红米,1169.00,小米京东自营旗舰店,自营
//item.jd.com/100007688871.html,50万+,Redmi9大字体大音量大内存全场景AI四摄高性能游戏芯6GB+128GB墨黛青游戏智能小米红米,1169.00,小米京东自营旗舰店,自营
//item.jd.com/4961406.html,50万+,飞利浦（PHILIPS）E106烈焰红防尘直板按键移动联通2G双卡双待老人儿童学生备用老年功能,106.00,飞利浦手机京东自营旗舰店,自营
//item.jd.com/3889169.html,50万+,飞利浦（PHILIPS）E106石墨黑防尘直板按键移动联通2G双卡双待老人儿童学生备用老年功能,106.00,飞利浦手机京东自营旗舰店,自营
//item.jd.com/100009177374.html,50万+,华为HUAWEIMate30Pro5G麒麟990OLED环幕屏双4000万徕卡电影四摄8GB+256GB亮黑色5G全网通游戏,6099.00,华为京东自营官方旗舰店,自营
//item.jd.com/100010572294.html,50万+,华为HUAWEIMate30Pro5G麒麟990OLED环幕屏双4000万徕卡电影四摄8GB+128GB亮黑色5G全网通游戏,6399.00,华为京东自营官方旗舰店,自营
//item.jd.com/100005185611.html,50万+,华为HUAWEIMate30Pro5G麒麟990OLED环幕屏双4000万徕卡电影四摄8GB+512GB罗兰紫5G全网通游戏,7899.00,华为京东自营官方旗舰店,自营
//item.jd.com/100010572322.html,50万+,华为HUAWEIMate30Pro5G麒麟990OLED环幕屏双4000万徕卡电影四摄8GB+128GB星河银5G全网通游戏,6399.00,华为京东自营官方旗舰店,自营
//item.jd.com/100009177370.html,50万+,华为HUAWEIMate30Pro5G麒麟990OLED环幕屏双4000万徕卡电影四摄8GB+256GB星河银5G全网通游戏,6099.00,华为京东自营官方旗舰店,自营
//item.jd.com/100010572324.html,50万+,华为HUAWEIMate30Pro5G麒麟990OLED环幕屏双4000万徕卡电影四摄8GB+128GB翡冷翠5G全网通游戏,6399.00,华为京东自营官方旗舰店,自营
//item.jd.com/100009177376.html,50万+,华为HUAWEIMate30Pro5G麒麟990OLED环幕屏双4000万徕卡电影四摄8GB+256GB丹霞橙5G全网通游戏,6099.00,华为京东自营官方旗舰店,自营
//item.jd.com/100005185607.html,50万+,华为HUAWEIMate30Pro5G麒麟990OLED环幕屏双4000万徕卡电影四摄8GB+512GB翡冷翠5G全网通游戏,7899.00,华为京东自营官方旗舰店,自营
//item.jd.com/100009177404.html,50万+,华为HUAWEIMate30Pro5G麒麟990OLED环幕屏双4000万徕卡电影四摄8GB+256GB青山黛5G全网通游戏,6099.00,华为京东自营官方旗舰店,自营
//item.jd.com/8717360.html,20万+,飞利浦PHILIPSE258S宝石蓝直板按键移动/联通2G老人老年功能学生备用机,165.00,,自营
//item.jd.com/100007266141.html,20万+,Redmi10X5G天玑820双5G待机4800万流光相机水滴全面屏6GB+128GB星露白游戏智能老人小米红米,1399.00,小米京东自营旗舰店,自营
//item.jd.com/100013314484.html,20万+,Redmi10X5G天玑820双5G待机4800万流光相机水滴全面屏8GB+256GB深海蓝游戏智能老人小米红米,1799.00,小米京东自营旗舰店,自营
//item.jd.com/100007266165.html,20万+,Redmi10X5G天玑820双5G待机4800万流光相机水滴全面屏8GB+256GB凝夜紫游戏智能老人小米红米,1899.00,小米京东自营旗舰店,自营
//item.jd.com/100007266139.html,20万+,Redmi10X5G天玑820双5G待机4800万流光相机水滴全面屏8GB+128GB星露白游戏智能老人小米红米,1599.00,小米京东自营旗舰店,自营
//item.jd.com/100007265825.html,20万+,Redmi10X5G天玑820双5G待机4800万流光相机水滴全面屏6GB+128GB深海蓝游戏智能老人小米红米,1399.00,小米京东自营旗舰店,自营
//item.jd.com/100013314440.html,20万+,Redmi10X5G天玑820双5G待机4800万流光相机水滴全面屏8GB+128GB深海蓝游戏智能老人小米红米,1699.00,小米京东自营旗舰店,自营
//item.jd.com/100013314478.html,20万+,Redmi10X5G天玑820双5G待机4800万流光相机水滴全面屏8GB+256GB星露白游戏智能老人小米红米,1799.00,小米京东自营旗舰店,自营
//item.jd.com/100013314088.html,20万+,Redmi10X5G天玑820双5G待机4800万流光相机水滴全面屏6GB+128GB凝夜紫游戏智能老人小米红米,1399.00,小米京东自营旗舰店,自营
//item.jd.com/100013314458.html,20万+,Redmi10X5G天玑820双5G待机4800万流光相机水滴全面屏8GB+128GB胧月金游戏智能老人小米红米,1699.00,小米京东自营旗舰店,自营
//item.jd.com/100013314058.html,20万+,Redmi10X5G天玑820双5G待机4800万流光相机水滴全面屏6GB+128GB胧月金游戏智能老人小米红米,1399.00,小米京东自营旗舰店,自营
//item.jd.com/100013314482.html,20万+,Redmi10X5G天玑820双5G待机4800万流光相机水滴全面屏8GB+128GB凝夜紫游戏智能老人小米红米,1699.00,小米京东自营旗舰店,自营
//item.jd.com/100007266169.html,20万+,Redmi10X5G天玑820双5G待机4800万流光相机水滴全面屏8GB+256GB胧月金游戏智能老人小米红米,1899.00,小米京东自营旗舰店,自营
//item.jd.com/100013314056.html,20万+,Redmi10XPro天玑820双5G待机4800万流光四摄相机30倍变焦水滴全面屏8GB+128GB星露白游戏智能小米红米【这就是街舞】,1699.00,小米京东自营旗舰店,自营
//item.jd.com/100012015170.html,20万+,华为HUAWEIP40Pro麒麟9905GSoC芯片5000万超感知徕卡四摄50倍数字变焦8GB+256GB亮黑色全网通5G,6488.00,华为京东自营官方旗舰店,自营
//item.jd.com/100012015134.html,20万+,华为HUAWEIP40Pro麒麟9905GSoC芯片5000万超感知徕卡四摄50倍数字变焦8GB+128GB亮黑色全网通5G,5988.00,华为京东自营官方旗舰店,自营
//item.jd.com/100006607659.html,20万+,华为HUAWEIP40Pro麒麟9905GSoC芯片5000万超感知徕卡四摄50倍数字变焦8GB+256GB晨曦金全网通5G,6488.00,华为京东自营官方旗舰店,自营
//item.jd.com/100012015172.html,20万+,华为HUAWEIP40Pro麒麟9905GSoC芯片5000万超感知徕卡四摄50倍数字变焦8GB+256GB零度白全网通5G,6488.00,华为京东自营官方旗舰店,自营
//item.jd.com/100012015186.html,20万+,华为HUAWEIP40Pro麒麟9905GSoC芯片5000万超感知徕卡四摄50倍数字变焦8GB+256GB冰霜银全网通5G,6488.00,华为京东自营官方旗舰店,自营
//item.jd.com/100012015190.html,20万+,华为HUAWEIP40Pro麒麟9905GSoC芯片5000万超感知徕卡四摄50倍数字变焦8GB+512GB亮黑色全网通5G,7388.00,华为京东自营官方旗舰店,自营
//item.jd.com/100012015156.html,20万+,华为HUAWEIP40Pro麒麟9905GSoC芯片5000万超感知徕卡四摄50倍数字变焦8GB+128GB晨曦金全网通5G,5988.00,华为京东自营官方旗舰店,自营
//item.jd.com/100006607579.html,20万+,华为HUAWEIP40麒麟9905GSoC芯片5000万超感知徕卡三摄30倍数字变焦8GB+256GB冰霜银全网通5G,4988.00,华为京东自营官方旗舰店,自营
//item.jd.com/100012014970.html,20万+,华为HUAWEIP40麒麟9905GSoC芯片5000万超感知徕卡三摄30倍数字变焦8GB+128GB亮黑色全网通5G,4488.00,华为京东自营官方旗舰店,自营
//item.jd.com/100006607505.html,20万+,华为HUAWEIP40麒麟9905GSoC芯片5000万超感知徕卡三摄30倍数字变焦8GB+128GB零度白全网通5G,4488.00,华为京东自营官方旗舰店,自营
//item.jd.com/100006607597.html,20万+,华为HUAWEIP40麒麟9905GSoC芯片5000万超感知徕卡三摄30倍数字变焦8GB+256GB零度白全网通5G,4988.00,华为京东自营官方旗舰店,自营
//item.jd.com/100012014948.html,20万+,华为HUAWEIP40麒麟9905GSoC芯片5000万超感知徕卡三摄30倍数字变焦8GB+128GB冰霜银全网通5G,4488.00,华为京东自营官方旗舰店,自营
//item.jd.com/100012015078.html,20万+,华为HUAWEIP40麒麟9905GSoC芯片5000万超感知徕卡三摄30倍数字变焦8GB+256GB深海蓝全网通5G,4988.00,华为京东自营官方旗舰店,自营
//item.jd.com/100012015046.html,20万+,华为HUAWEIP40麒麟9905GSoC芯片5000万超感知徕卡三摄30倍数字变焦8GB+256GB亮黑色全网通5G,4988.00,华为京东自营官方旗舰店,自营
//item.jd.com/100012014994.html,20万+,华为HUAWEIP40麒麟9905GSoC芯片5000万超感知徕卡三摄30倍数字变焦8GB+128GB深海蓝全网通5G,4488.00,华为京东自营官方旗舰店,自营
//item.jd.com/6305258.html,20万+,飞利浦（PHILIPS）E171L曜石黑直板按键移动/联通2G老人超长待机老年备用功能机,198.00,飞利浦手机京东自营旗舰店,自营
//item.jd.com/100012820012.html,20万+,vivoiQOONeo35G8GB+128GB青空蓝高通骁龙865144Hz竞速屏立体双扬44W闪充双模5G全网通,2298.00,iQOO京东官方自营旗舰店,自营
//item.jd.com/100012820028.html,20万+,vivoiQOONeo35G8GB+128GB夜幕黑高通骁龙865144Hz竞速屏立体双扬44W闪充双模5G全网通,2298.00,iQOO京东官方自营旗舰店,自营
//item.jd.com/100012820024.html,20万+,vivoiQOONeo35G12GB+128GB青空蓝高通骁龙865144Hz竞速屏立体双扬44W闪充双模5G全网通,2598.00,iQOO京东官方自营旗舰店,自营
//item.jd.com/100013314378.html,20万+,vivoiQOONeo35G8GB+128GB极昼高通骁龙865144Hz竞速屏立体双扬44W闪充双模5G全网通,2298.00,iQOO京东官方自营旗舰店,自营
//item.jd.com/100013314394.html,20万+,vivoiQOONeo35G12GB+128GB极昼高通骁龙865144Hz竞速屏立体双扬44W闪充双模5G全网通,2598.00,iQOO京东官方自营旗舰店,自营
//item.jd.com/100012686080.html,20万+,AppleiPhoneSE(A2298)256GB红色移动联通电信4G,4599.00,Apple产品京东自营旗舰店,自营
//item.jd.com/100019138578.html,20万+,AppleiPhoneSE(A2298)128GB白色移动联通电信4G焕新包装,3799.00,Apple产品京东自营旗舰店,自营
//item.jd.com/100012686114.html,20万+,AppleiPhoneSE(A2298)256GB白色移动联通电信4G,4599.00,Apple产品京东自营旗舰店,自营
//item.jd.com/100012686076.html,20万+,AppleiPhoneSE(A2298)64GB白色移动联通电信4G,3299.00,Apple产品京东自营旗舰店,自营
//item.jd.com/100012686078.html,20万+,AppleiPhoneSE(A2298)256GB黑色移动联通电信4G,4599.00,Apple产品京东自营旗舰店,自营
//item.jd.com/100012686074.html,20万+,AppleiPhoneSE(A2298)128GB黑色移动联通电信4G,3799.00,Apple产品京东自营旗舰店,自营
//item.jd.com/100006945233.html,20万+,AppleiPhoneSE(A2298)128GB白色移动联通电信4G,3799.00,Apple产品京东自营旗舰店,自营
//item.jd.com/100012686070.html,20万+,AppleiPhoneSE(A2298)64GB黑色移动联通电信4G,3299.00,Apple产品京东自营旗舰店,自营
//item.jd.com/100012686112.html,20万+,AppleiPhoneSE(A2298)64GB红色移动联通电信4G,3299.00,Apple产品京东自营旗舰店,自营
//item.jd.com/100006945235.html,20万+,AppleiPhoneSE(A2298)128GB红色移动联通电信4G,3799.00,Apple产品京东自营旗舰店,自营
//item.jd.com/100019138590.html,20万+,AppleiPhoneSE(A2298)128GB黑色移动联通电信4G焕新包装,3799.00,Apple产品京东自营旗舰店,自营
//item.jd.com/100019138592.html,20万+,AppleiPhoneSE(A2298)64GB白色移动联通电信4G焕新包装,3299.00,Apple产品京东自营旗舰店,自营
//item.jd.com/100004770255.html,20万+,AppleiPhone11Pro(A2217)64GB金色移动联通电信4G双卡双待,6899.00,Apple产品京东自营旗舰店,自营
//item.jd.com/100009077463.html,20万+,AppleiPhone12ProMax(A2412)512GB海蓝色支持移动联通电信5G双卡双待,11899.00,Apple产品京东自营旗舰店,自营
//item.jd.com/100016034402.html,20万+,AppleiPhone12ProMax(A2412)256GB金色支持移动联通电信5G双卡双待,10099.00,Apple产品京东自营旗舰店,自营
//item.jd.com/100016034388.html,20万+,AppleiPhone12ProMax(A2412)128GB海蓝色支持移动联通电信5G双卡双待,9299.00,Apple产品京东自营旗舰店,自营
//item.jd.com/100009077441.html,20万+,AppleiPhone12ProMax(A2412)512GB石墨色支持移动联通电信5G双卡双待,11899.00,Apple产品京东自营旗舰店,自营
//item.jd.com/100009077467.html,20万+,AppleiPhone12ProMax(A2412)256GB石墨色支持移动联通电信5G双卡双待,10099.00,Apple产品京东自营旗舰店,自营
//item.jd.com/100016034384.html,20万+,AppleiPhone12ProMax(A2412)256GB银色支持移动联通电信5G双卡双待,10099.00,Apple产品京东自营旗舰店,自营
//item.jd.com/100016034372.html,20万+,AppleiPhone12ProMax(A2412)256GB海蓝色支持移动联通电信5G双卡双待,10099.00,Apple产品京东自营旗舰店,自营
//item.jd.com/100016034386.html,20万+,AppleiPhone12ProMax(A2412)128GB石墨色支持移动联通电信5G双卡双待,9299.00,Apple产品京东自营旗舰店,自营
//item.jd.com/100016034392.html,20万+,AppleiPhone12ProMax(A2412)128GB银色支持移动联通电信5G双卡双待,9299.00,Apple产品京东自营旗舰店,自营
//item.jd.com/100016034398.html,20万+,AppleiPhone12ProMax(A2412)128GB金色支持移动联通电信5G双卡双待,9299.00,Apple产品京东自营旗舰店,自营
//item.jd.com/100016034338.html,20万+,AppleiPhone12ProMax(A2412)512GB银色支持移动联通电信5G双卡双待,11899.00,Apple产品京东自营旗舰店,自营
//item.jd.com/100009077451.html,20万+,AppleiPhone12ProMax(A2412)512GB金色支持移动联通电信5G双卡双待,11899.00,Apple产品京东自营旗舰店,自营
//item.jd.com/100017358352.html,20万+,小米115G骁龙8882KAMOLED四曲面柔性屏1亿像素55W有线闪充50W无线闪充12GB+256GB蓝色游戏,4699.00,小米京东自营旗舰店,自营
//item.jd.com/100009956275.html,20万+,小米115G骁龙8882KAMOLED四曲面柔性屏1亿像素55W有线闪充50W无线闪充8GB+256GB蓝色游戏,4299.00,小米京东自营旗舰店,自营
//item.jd.com/100017358350.html,20万+,小米115G骁龙8882KAMOLED四曲面柔性屏1亿像素55W有线闪充50W无线闪充8GB+128GB白色游戏,3999.00,小米京东自营旗舰店,自营
//item.jd.com/100009958327.html,20万+,小米115G骁龙8882KAMOLED四曲面柔性屏1亿像素55W有线闪充50W无线闪充8GB+256GB黑色游戏,4299.00,小米京东自营旗舰店,自营
//item.jd.com/100017358626.html,20万+,小米115G骁龙8882KAMOLED四曲面柔性屏1亿像素55W有线闪充50W无线闪充12GB+256GB白色游戏,4699.00,小米京东自营旗舰店,自营
//item.jd.com/100017358628.html,20万+,小米115G骁龙8882KAMOLED四曲面柔性屏1亿像素55W有线闪充50W无线闪充8GB+256GB白色游戏,4299.00,小米京东自营旗舰店,自营
//item.jd.com/100017354068.html,20万+,小米115G骁龙8882KAMOLED四曲面柔性屏1亿像素55W有线闪充50W无线闪充8GB+128GB黑色游戏,3999.00,小米京东自营旗舰店,自营
//item.jd.com/100009958343.html,20万+,小米115G骁龙8882KAMOLED四曲面柔性屏1亿像素55W有线闪充50W无线闪充8GB+128GB蓝色游戏,3999.00,小米京东自营旗舰店,自营
//item.jd.com/100017360238.html,20万+,小米115G骁龙888AMOLED四曲面柔性屏1亿像素55W有线闪充50W无线闪充12GB+256GB烟紫（素皮）游戏,4699.00,小米京东自营旗舰店,自营
//item.jd.com/100017360236.html,20万+,小米115G骁龙888AMOLED四曲面柔性屏1亿像素55W有线闪充50W无线闪充8GB+256GB烟紫（素皮）游戏,4299.00,小米京东自营旗舰店,自营
//item.jd.com/100009959603.html,20万+,小米115G骁龙888AMOLED四曲面柔性屏1亿像素55W有线闪充50W无线闪充8GB+128GB烟紫（素皮）游戏,3999.00,小米京东自营旗舰店,自营
//item.jd.com/100009956273.html,20万+,小米115G骁龙8882KAMOLED四曲面柔性屏1亿像素55W有线闪充50W无线闪充12GB+256GB黑色游戏,4699.00,小米京东自营旗舰店,自营
//item.jd.com/100017360234.html,20万+,小米115G骁龙888AMOLED四曲面柔性屏1亿像素55W有线闪充50W无线闪充12GB+256GB雷军签名版游戏,4699.00,小米京东自营旗舰店,自营
//item.jd.com/100012545860.html,20万+,荣耀3050倍远摄麒麟9855G4000万超广角AI四摄3200W美颜自拍全网通版8GB+256GB绿野仙踪全面屏,3299.00,荣耀京东自营旗舰店,自营
//item.jd.com/100012545832.html,20万+,荣耀3050倍远摄麒麟9855G4000万超广角AI四摄3200W美颜自拍全网通版8GB+128GB钛空银全面屏,2999.00,荣耀京东自营旗舰店,自营
//item.jd.com/100012597526.html,20万+,荣耀3050倍远摄麒麟9855G4000万超广角AI四摄3200W美颜自拍全网通版8GB+128GB幻夜黑全面屏,2999.00,荣耀京东自营旗舰店,自营
//item.jd.com/100012545854.html,20万+,荣耀3050倍远摄麒麟9855G4000万超广角AI四摄3200W美颜自拍全网通版8GB+128GB绿野仙踪全面屏,2999.00,荣耀京东自营旗舰店,自营
//item.jd.com/100012545856.html,20万+,荣耀3050倍远摄麒麟9855G4000万超广角AI四摄3200W美颜自拍全网通版8GB+128GB流光幻镜全面屏,2999.00,荣耀京东自营旗舰店,自营
//item.jd.com/100011172363.html,20万+,华为HUAWEIMate40Pro麒麟90005GSoC芯片超感知徕卡电影影像66W有线超级快充8GB+256GB亮黑色5G全网通套餐一（无充电器和数据线）,6799.00,华为京东自营官方旗舰店,自营
//item.jd.com/100020890254.html,20万+,华为HUAWEIMate40Pro麒麟9000SoC芯片超感知徕卡电影影像有线无线双超级快充8GB+128GB亮黑色5G全网通套餐一（无充电器和数据线）,6299.00,华为京东自营官方旗舰店,自营
//item.jd.com/100016555298.html,20万+,华为HUAWEIMate40Pro麒麟9000SoC芯片超感知徕卡电影影像有线无线双超级快充8GB+128GB釉白色5G全网通套餐二（含充电器和数据线）,6499.00,华为京东自营官方旗舰店,自营
//item.jd.com/100020890304.html,20万+,华为HUAWEIMate40Pro麒麟9000SoC芯片超感知徕卡电影影像有线无线双超级快充8GB+128GB秘银色5G全网通套餐一（无充电器和数据线）,6299.00,华为京东自营官方旗舰店,自营
//item.jd.com/100009424247.html,20万+,华为HUAWEIMate40Pro麒麟9000SoC芯片超感知徕卡电影影像有线无线双超级快充8GB+128GB亮黑色5G全网通套餐二（含充电器和数据线）,6499.00,华为京东自营官方旗舰店,自营
//item.jd.com/100009424245.html,20万+,华为HUAWEIMate40Pro麒麟9000SoC芯片超感知徕卡电影影像有线无线双超级快充8GB+128GB秘银色5G全网通套餐二（含充电器和数据线）,6499.00,华为京东自营官方旗舰店,自营
//item.jd.com/100016168278.html,20万+,华为HUAWEIMate40Pro麒麟90005GSoC芯片超感知徕卡电影影像66W有线超级快充8GB+256GB亮黑色5G全网通套餐二（含充电器和数据线）,6999.00,华为京东自营官方旗舰店,自营
//item.jd.com/100016264756.html,20万+,华为HUAWEIMate40Pro麒麟9000SoC芯片超感知徕卡电影影像有线无线双超级快充8GB+256GB秘银色5G全网通,6999.00,华为京东自营官方旗舰店,自营
//item.jd.com/100020890324.html,20万+,华为HUAWEIMate40Pro麒麟9000SoC芯片超感知徕卡电影影像有线无线双超级快充8GB+128GB釉白色5G全网通套餐一（无充电器和数据线）,6299.00,华为京东自营官方旗舰店,自营
//item.jd.com/100020867728.html,20万+,华为HUAWEIMate40Pro麒麟90005GSoC芯片超感知徕卡电影影像66W有线超级快充8GB+256GB釉白色5G全网通套餐一（无充电器和数据线）,6799.00,华为京东自营官方旗舰店,自营
//item.jd.com/100020867714.html,20万+,华为HUAWEIMate40Pro麒麟90005GSoC芯片超感知徕卡电影影像66W有线超级快充8GB+256GB秘银色5G全网通套餐一（无充电器和数据线）,6799.00,华为京东自营官方旗舰店,自营
//item.jd.com/8184522.html,20万+,飞利浦（PHILIPS）E163K陨石黑移动联通2G老人双卡双待超长待机老年儿童学生备用功能机,129.00,飞利浦手机京东自营旗舰店,自营
//item.jd.com/100012749270.html,20万+,华为HUAWEInova75G6400万后置四摄5GSoC芯片OLED极点全面屏8GB+128GB7号色全网通5G,2999.00,华为京东自营官方旗舰店,自营
//item.jd.com/100012816024.html,20万+,小米10青春版双模5G骁龙765G50倍潜望式变焦四摄8GB+128GB黑巧风暴游戏,2099.00,小米京东自营旗舰店,自营
//item.jd.com/100006914135.html,20万+,小米10青春版双模5G骁龙765G50倍潜望式变焦四摄8GB+128GB蓝莓薄荷游戏,2099.00,小米京东自营旗舰店,自营
//item.jd.com/100012816042.html,20万+,小米10青春版双模5G骁龙765G50倍潜望式变焦四摄8GB+128GB白桃乌龙游戏,2099.00,小米京东自营旗舰店,自营
//item.jd.com/100012816016.html,20万+,小米10青春版双模5G骁龙765G50倍潜望式变焦四摄8GB+256GB黑巧风暴游戏,2599.00,小米京东自营旗舰店,自营
//item.jd.com/100012816008.html,20万+,小米10青春版双模5G骁龙765G50倍潜望式变焦四摄6GB+128GB白桃乌龙游戏,1999.00,小米京东自营旗舰店,自营
//item.jd.com/100014567940.html,20万+,RedmiK30至尊纪念版双模5G天玑1000plus旗舰芯片120Hz高刷新率8GB+128GB薄荷绿游戏小米红米,2199.00,小米京东自营旗舰店,自营
//item.jd.com/6380419.html,20万+,天语(K-Touch）Q31三防老人超长待机直板按键双卡双待移动/联通2G功能老年黑色,128.00,天语手机京东自营官方旗舰店,自营
//item.jd.com/6380453.html,20万+,天语(K-Touch）Q31三防老人超长待机直板按键双卡双待移动/联通2G功能老年绿色,128.00,天语手机京东自营官方旗舰店,自营
//item.jd.com/6274982.html,20万+,天语(K-Touch）Q31C电信2G直板按键三防老人学生备用功能机老年深空黑,158.00,天语手机京东自营官方旗舰店,自营
//item.jd.com/100005492375.html,20万+,AppleiPhone11(A2223)64GB黑色移动联通电信4G双卡双待【购机补贴版】,4499.00,Apple产品京东自营旗舰店,自营
//item.jd.com/100012749302.html,20万+,华为HUAWEInova7SE5G麒麟8205GSoC芯片6400万高清AI四摄40W超级快充8GB+128GB绮境森林全网通,2399.00,华为京东自营官方旗舰店,自营
//item.jd.com/100004542252.html,20万+,飞利浦（PHILIPS）E319典雅黑音乐大屏超长待机直板按键移动联通2G老人机儿童学生老年备用功能机,139.00,飞利浦手机京东自营旗舰店,自营
//item.jd.com/100017543954.html,20万+,AppleiPhone12(A2404)128GB白色支持移动联通电信5G双卡双待【快充套装】,6808.00,Apple产品京东自营旗舰店,自营
//item.jd.com/100016901300.html,20万+,AppleiPhone12(A2404)128GB白色支持移动联通电信5G双卡双待【AirPods套装】,7598.00,Apple产品京东自营旗舰店,自营
//item.jd.com/100011218625.html,20万+,RedmiK40旗舰骁龙870三星AMOLED120Hz高刷直屏4800万高清三摄相机33W快充12GB+256GB墨羽游戏电竞智能5G小米红米,2669.00,小米京东自营旗舰店,自营
//item.jd.com/100018640836.html,20万+,RedmiK40旗舰骁龙870三星AMOLED120Hz高刷直屏4800万高清三摄相机33W快充8GB+128GB幻境游戏电竞智能5G小米红米,2199.00,小米京东自营旗舰店,自营
//item.jd.com/100018640796.html,20万+,RedmiK40旗舰骁龙870三星AMOLED120Hz高刷直屏4800万高清三摄相机33W快充12GB+256GB幻境游戏电竞智能5G小米红米,2669.00,小米京东自营旗舰店,自营
//item.jd.com/100018640834.html,20万+,RedmiK40旗舰骁龙870三星AMOLED120Hz高刷直屏4800万高清三摄相机33W快充12GB+256GB晴雪游戏电竞智能5G小米红米,2669.00,小米京东自营旗舰店,自营
//item.jd.com/100021007440.html,20万+,RedmiK40旗舰骁龙870三星AMOLED120Hz高刷直屏4800万高清三摄相机33W快充8GB+128GB墨羽游戏电竞智能5G小米红米,2199.00,小米京东自营旗舰店,自营
//item.jd.com/100018640830.html,20万+,RedmiK40旗舰骁龙870三星AMOLED120Hz高刷直屏4800万高清三摄相机33W快充6GB+128GB幻境游戏电竞智能5G小米红米,1999.00,小米京东自营旗舰店,自营
//item.jd.com/100018640794.html,20万+,RedmiK40旗舰骁龙870三星AMOLED120Hz高刷直屏4800万高清三摄相机33W快充8GB+128GB晴雪游戏电竞智能5G小米红米,2199.00,小米京东自营旗舰店,自营
//item.jd.com/100018640844.html,20万+,RedmiK40旗舰骁龙870三星AMOLED120Hz高刷直屏4800万高清三摄相机33W快充12GB+256GB亮黑游戏电竞智能5G小米红米,2699.00,小米京东自营旗舰店,自营
//item.jd.com/100018640842.html,20万+,RedmiK40旗舰骁龙870三星AMOLED120Hz高刷直屏4800万高清三摄相机33W快充6GB+128GB晴雪游戏电竞智能5G小米红米,1999.00,小米京东自营旗舰店,自营
//item.jd.com/100010428315.html,20万+,RedmiK40旗舰骁龙870三星AMOLED120Hz高刷直屏4800万高清三摄相机33W快充8GB+128GB亮黑游戏电竞智能5G小米红米,2199.00,小米京东自营旗舰店,自营
//item.jd.com/100018637796.html,20万+,RedmiK40旗舰骁龙870三星AMOLED120Hz高刷直屏4800万高清三摄相机33W快充6GB+128GB亮黑游戏电竞智能5G小米红米,1999.00,小米京东自营旗舰店,自营
//item.jd.com/100021007462.html,20万+,RedmiK40旗舰骁龙870三星AMOLED120Hz高刷直屏4800万高清三摄相机33W快充8GB+256GB墨羽游戏电竞智能5G小米红米,2499.00,小米京东自营旗舰店,自营
//item.jd.com/100018640798.html,20万+,RedmiK40旗舰骁龙870三星AMOLED120Hz高刷直屏4800万高清三摄相机33W快充8GB+256GB亮黑游戏电竞智能5G小米红米,2499.00,小米京东自营旗舰店,自营
//item.jd.com/100018640832.html,20万+,RedmiK40旗舰骁龙870三星AMOLED120Hz高刷直屏4800万高清三摄相机33W快充8GB+256GB幻境游戏电竞智能5G小米红米,2499.00,小米京东自营旗舰店,自营
//item.jd.com/100010428313.html,20万+,RedmiK40旗舰骁龙870三星AMOLED120Hz高刷直屏4800万高清三摄相机33W快充8GB+256GB晴雪游戏电竞智能5G小米红米,2499.00,小米京东自营旗舰店,自营
//item.jd.com/100020269344.html,20万+,OPPOK7x双模5G4800万四摄5000mAh长续航90Hz电竞屏云之彼端6GB+128GB30W闪充全网通游戏智能,1399.00,OPPO京东自营官方旗舰店,自营
//item.jd.com/100020305526.html,20万+,OPPOK7x双模5G4800万四摄5000mAh长续航90Hz电竞屏云之彼端8GB+128GB30W闪充全网通游戏智能,1599.00,OPPO京东自营官方旗舰店,自营
//item.jd.com/100016324404.html,20万+,OPPOK7x双模5G4800万四摄5000mAh长续航90Hz电竞屏蓝影6GB+128GB30W闪充全网通游戏智能,1399.00,OPPO京东自营官方旗舰店,自营
//item.jd.com/100009929223.html,20万+,OPPOK7x双模5G4800万四摄5000mAh长续航90Hz电竞屏蓝影8GB+128GB30W闪充全网通游戏智能,1599.00,OPPO京东自营官方旗舰店,自营
//item.jd.com/100017315218.html,20万+,OPPOK7x双模5G4800万四摄5000mAh长续航90Hz电竞屏黑镜8GB+128GB30W闪充全网通游戏智能,1599.00,OPPO京东自营官方旗舰店,自营
//item.jd.com/100009255069.html,20万+,OPPOK7x双模5G4800万四摄5000mAh长续航90Hz电竞屏黑镜6GB+128GB30W闪充全网通游戏智能,1399.00,OPPO京东自营官方旗舰店,自营
//item.jd.com/100016866048.html,20万+,OPPOK7x双模5G4800万四摄5000mAh长续航90Hz电竞屏蓝影8GB+256GB30W闪充全网通,1999.00,OPPO京东自营官方旗舰店,自营
//item.jd.com/100009630527.html,20万+,OPPOK7x双模5G4800万四摄5000mAh长续航90Hz电竞屏黑镜8GB+256GB30W闪充全网通,1999.00,OPPO京东自营官方旗舰店,自营
//item.jd.com/100017176280.html,20万+,AppleiPhone12(A2404)128GB白色支持移动联通电信5G双卡双待【购机补贴版】,6799.00,Apple产品京东自营旗舰店,自营
//item.jd.com/100012545882.html,20万+,荣耀30Pro50倍远摄麒麟9905G4000万超感光摄影3200W美颜自拍游戏全网通版8GB+256GB绿野仙踪,4399.00,荣耀京东自营旗舰店,自营
//item.jd.com/100012545896.html,20万+,荣耀30Pro+50倍远摄麒麟9905G5000万超感光摄影3200W美颜自拍游戏全网通版8GB+256GB钛空银,4999.00,荣耀京东自营旗舰店,自营
//item.jd.com/100012545872.html,20万+,荣耀30Pro50倍远摄麒麟9905G4000万超感光摄影3200W美颜自拍游戏全网通版8GB+256GB钛空银,4399.00,荣耀京东自营旗舰店,自营
//item.jd.com/100012545870.html,20万+,荣耀30Pro50倍远摄麒麟9905G4000万超感光摄影3200W美颜自拍游戏全网通版8GB+128GB流光幻镜,3999.00,荣耀京东自营旗舰店,自营
//item.jd.com/100006875125.html,20万+,荣耀30Pro50倍远摄麒麟9905G4000万超感光摄影3200W美颜自拍游戏全网通版8GB+128GB绿野仙踪,3999.00,荣耀京东自营旗舰店,自营
//item.jd.com/100006875119.html,20万+,荣耀30Pro50倍远摄麒麟9905G4000万超感光摄影3200W美颜自拍游戏全网通版8GB+128GB幻夜黑,3999.00,荣耀京东自营旗舰店,自营
//item.jd.com/100012545868.html,20万+,荣耀30Pro50倍远摄麒麟9905G4000万超感光摄影3200W美颜自拍游戏全网通版8GB+128GB钛空银,3999.00,荣耀京东自营旗舰店,自营
//item.jd.com/100012545874.html,20万+,荣耀30Pro50倍远摄麒麟9905G4000万超感光摄影3200W美颜自拍游戏全网通版8GB+256GB流光幻镜,4399.00,荣耀京东自营旗舰店,自营
//item.jd.com/100012545876.html,20万+,荣耀30Pro+50倍远摄麒麟9905G5000万超感光摄影3200W美颜自拍游戏全网通版8GB+256GB幻夜黑,4999.00,荣耀京东自营旗舰店,自营
//item.jd.com/100006875131.html,20万+,荣耀30Pro50倍远摄麒麟9905G4000万超感光摄影3200W美颜自拍游戏全网通版8GB+256GB幻夜黑,4399.00,荣耀京东自营旗舰店,自营
//item.jd.com/100012545894.html,20万+,荣耀30Pro+50倍远摄麒麟9905G5000万超感光摄影3200W美颜自拍游戏全网通版8GB+256GB绿野仙踪,4999.00,荣耀京东自营旗舰店,自营
//item.jd.com/100012134984.html,20万+,荣耀畅玩9A6.3英寸珍珠全面屏震撼大音量4GB+64GB蓝水翡翠移动联通电信4G全面屏双卡双待,988.00,荣耀京东自营旗舰店,自营
//item.jd.com/8945185.html,20万+,魅族16thPlus全面屏游戏6GB+128GB静夜黑全网通移动联通电信4G双卡双待,1848.00,魅族京东自营旗舰店,自营
//item.jd.com/100012223260.html,20万+,一加OnePlus85G旗舰90Hz高清柔性屏高通骁龙865180g轻薄手感12GB+256GB青空超清超广角拍照游戏,3099.00,一加手机京东自营官方旗舰店,自营
//item.jd.com/100012223322.html,20万+,一加OnePlus85G旗舰90Hz高清柔性屏高通骁龙865180g轻薄手感8GB+128GB青空超清超广角拍照游戏,2799.00,一加手机京东自营官方旗舰店,自营
//item.jd.com/100006771395.html,20万+,一加OnePlus85G旗舰90Hz高清柔性屏骁龙865180g轻薄手感12GB+256GB银翼超清超广角拍照游戏,3099.00,一加手机京东自营官方旗舰店,自营
//item.jd.com/100012975482.html,20万+,一加OnePlus85G旗舰90Hz高清柔性屏高通骁龙865180g轻薄手感8GB+128GB银翼超清超广角拍照游戏,2799.00,一加手机京东自营官方旗舰店,自营
//item.jd.com/100012223140.html,20万+,一加OnePlus85G旗舰90Hz高清柔性屏骁龙865180g轻薄手感12GB+256GB黑镜超清超广角拍照游戏,3099.00,一加手机京东自营官方旗舰店,自营
//item.jd.com/100008900999.html,20万+,realme真我Q24800万像素120Hz畅速屏双5G天玑800U冲浪蓝孩6GB+128GB30W闪充OPPO提供售后支持,1299.00,realme真我京东自营旗舰店,自营
//item.jd.com/100015769748.html,20万+,realme真我Q24800万像素120Hz畅速屏双5G天玑800U银翼少年6GB+128GB30W闪充OPPO提供售后支持,1299.00,realme真我京东自营旗舰店,自营
//item.jd.com/100015769750.html,20万+,realme真我Q24800万像素120Hz畅速屏双5G天玑800U冲浪蓝孩4GB+128GB30W闪充OPPO提供售后支持,1199.00,realme真我京东自营旗舰店,自营
//item.jd.com/100008901023.html,20万+,realme真我Q24800万像素120Hz畅速屏双5G天玑800U银翼少年4GB+128GB30W闪充OPPO提供售后支持,1199.00,realme真我京东自营旗舰店,自营
//item.jd.com/100014448218.html,20万+,OPPOK7双模5G骁龙765G30WVOOC闪充4800万超清四摄石墨片+铜管散热8+128GB海夜全网通游戏电竞,1799.00,OPPO京东自营官方旗舰店,自营
//item.jd.com/100019280956.html,20万+,OPPOK7双模5G骁龙765G30WVOOC闪充4800万超清四摄石墨片+铜管散热8+128GB霹雳柠檬全网通游戏,1799.00,OPPO京东自营官方旗舰店,自营
//item.jd.com/100008060345.html,20万+,OPPOK7双模5G骁龙765G30WVOOC闪充4800万超清四摄石墨片+铜管散热8+256GB流焰全网通游戏电竞,2099.00,OPPO京东自营官方旗舰店,自营
//item.jd.com/100014503650.html,20万+,OPPOK7双模5G骁龙765G30WVOOC闪充4800万超清四摄石墨片+铜管散热8+256GB流云全网通游戏电竞,2099.00,OPPO京东自营官方旗舰店,自营
//item.jd.com/100014503668.html,20万+,OPPOK7双模5G骁龙765G30WVOOC闪充4800万超清四摄石墨片+铜管散热8+128GB流云全网通游戏电竞,1799.00,OPPO京东自营官方旗舰店,自营
//item.jd.com/100008060329.html,20万+,OPPOK7双模5G骁龙765G30WVOOC闪充4800万超清四摄石墨片+铜管散热8+256GB海夜全网通游戏电竞,2099.00,OPPO京东自营官方旗舰店,自营
//item.jd.com/100008060327.html,20万+,OPPOK7双模5G骁龙765GOLED屏幕指纹4800万超清四摄3200万前摄8+128GB秘境全网通,1799.00,OPPO京东自营官方旗舰店,自营
//item.jd.com/100014503670.html,20万+,OPPOK7双模5G骁龙765G30WVOOC闪充4800万超清四摄石墨片+铜管散热8+128GB流焰全网通游戏电竞,1799.00,OPPO京东自营官方旗舰店,自营
//item.jd.com/100015042122.html,20万+,OPPOK7双模5G骁龙765GOLED屏幕指纹4800万超清四摄3200万前摄8+256G月华全网通,2099.00,OPPO京东自营官方旗舰店,自营
//item.jd.com/100016558780.html,20万+,RedmiK30S至尊纪念版双模5G骁龙865144HzLCD旗舰屏幕8GB+256GB月光银游戏小米红米,2499.00,小米京东自营旗舰店,自营
//item.jd.com/100016129294.html,20万+,RedmiK30S至尊纪念版双模5G骁龙865144HzLCD旗舰屏幕8GB+128GB星际黑游戏小米红米,2199.00,小米京东自营旗舰店,自营
//item.jd.com/100016129312.html,20万+,RedmiK30S至尊纪念版双模5G骁龙865144HzLCD旗舰屏幕8GB+128GB月光银游戏小米红米,2199.00,小米京东自营旗舰店,自营
//item.jd.com/100016558822.html,20万+,RedmiK30S至尊纪念版双模5G骁龙865144HzLCD旗舰屏幕8GB+256GB星际黑游戏小米红米,2499.00,小米京东自营旗舰店,自营
//item.jd.com/100017162588.html,20万+,RedmiNote95G天玑800U18W快充4800万超清三摄云墨灰6GB+128GB游戏智能小米红米【购机补贴版】,1299.00,小米京东自营旗舰店,自营
//item.jd.com/100017543990.html,20万+,AppleiPhone12(A2404)128GB黑色支持移动联通电信5G双卡双待【快充套装】,6808.00,Apple产品京东自营旗舰店,自营
//item.jd.com/100016901308.html,20万+,AppleiPhone12(A2404)128GB黑色支持移动联通电信5G双卡双待【AirPods套装】,7598.00,Apple产品京东自营旗舰店,自营
//item.jd.com/100009630521.html,20万+,OPPOReno55G6400万水光人像四摄65W超级闪充12+256GB星河入梦全网通,2999.00,OPPO京东自营官方旗舰店,自营
//item.jd.com/100009669357.html,20万+,OPPOReno55G6400万水光人像四摄65W超级闪充12+256月夜黑全网通,2999.00,OPPO京东自营官方旗舰店,自营
//item.jd.com/100009669367.html,20万+,OPPOReno55G6400万水光人像四摄65W超级闪充8+128星河入梦全网通,2699.00,OPPO京东自营官方旗舰店,自营
//item.jd.com/100016866086.html,20万+,OPPOReno55G6400万水光人像四摄65W超级闪充8+128月夜黑全网通,2699.00,OPPO京东自营官方旗舰店,自营
//item.jd.com/100016924736.html,20万+,OPPOReno55G6400万水光人像四摄65W超级闪充12+256极光蓝全网通,2999.00,OPPO京东自营官方旗舰店,自营
//item.jd.com/100016971804.html,20万+,OPPOReno55G6400万水光人像四摄65W超级闪充8+128极光蓝全网通,2699.00,OPPO京东自营官方旗舰店,自营
//item.jd.com/100009344053.html,20万+,AppleiPhone12(A2404)128GB黑色支持移动联通电信5G双卡双待【购机补贴版】,6799.00,Apple产品京东自营旗舰店,自营
//item.jd.com/55666912716.html,20万+,Apple苹果iPhone11黑色全网通128GB【新包装】,4899.00,佳沪电商旗舰店,非自营
//item.jd.com/56664781384.html,20万+,Apple苹果iPhone11白色全网通128GB【新包装】,4899.00,佳沪电商旗舰店,非自营
//item.jd.com/71902902646.html,20万+,Apple苹果iPhone11黑色128G+PD20W充电器套装【新包装】,4929.00,佳沪电商旗舰店,非自营
//item.jd.com/71902902648.html,20万+,Apple苹果iPhone11白色128G+PD20W充电器套装【新包装】,4929.00,佳沪电商旗舰店,非自营
//item.jd.com/56664781387.html,20万+,Apple苹果iPhone11绿色全网通128GB【新包装】,4879.00,佳沪电商旗舰店,非自营
//item.jd.com/56664781382.html,20万+,Apple苹果iPhone11黑色全网通64GB【新包装】,4529.00,佳沪电商旗舰店,非自营
//item.jd.com/56664781394.html,20万+,Apple苹果iPhone11紫色全网通64GB【新包装】,4529.00,佳沪电商旗舰店,非自营
//item.jd.com/56664781393.html,20万+,Apple苹果iPhone11紫色全网通128GB【新包装】,4879.00,佳沪电商旗舰店,非自营
//item.jd.com/4526055.html,10万+,天语（K-Touch）N1老人超长待机大屏幕大喇叭语音播报老年移动联通2G双卡双待按键功能机红色,109.00,天语手机京东自营官方旗舰店,自营
//item.jd.com/100009791500.html,10万+,AppleiPhone11(A2223)64GB白色移动联通电信4G双卡双待【购机补贴版】,4499.00,Apple产品京东自营旗舰店,自营
//item.jd.com/100005492527.html,10万+,AppleiPhone11(A2223)128GB红色移动联通电信4G双卡双待【购机补贴版】,4899.00,Apple产品京东自营旗舰店,自营
//item.jd.com/100010350751.html,10万+,RedmiNote94G6000mAh大电池骁龙662处理器18W快充羽墨黑6GB+128GB游戏智能小米红米,1128.00,小米京东自营旗舰店,自营
//item.jd.com/100017543932.html,10万+,AppleiPhone12(A2404)128GB绿色支持移动联通电信5G双卡双待【快充套装】,6808.00,Apple产品京东自营旗舰店,自营
//item.jd.com/100009653677.html,10万+,AppleiPhone12(A2404)128GB绿色支持移动联通电信5G双卡双待【AirPods套装】,7598.00,Apple产品京东自营旗舰店,自营
//item.jd.com/100016034406.html,10万+,AppleiPhone12Pro(A2408)128GB银色支持移动联通电信5G双卡双待,8499.00,Apple产品京东自营旗舰店,自营
//item.jd.com/100009077459.html,10万+,AppleiPhone12Pro(A2408)128GB海蓝色支持移动联通电信5G双卡双待,8499.00,Apple产品京东自营旗舰店,自营
//item.jd.com/100016034396.html,10万+,AppleiPhone12Pro(A2408)128GB金色支持移动联通电信5G双卡双待,8499.00,Apple产品京东自营旗舰店,自营
//item.jd.com/100009077461.html,10万+,AppleiPhone12Pro(A2408)128GB石墨色支持移动联通电信5G双卡双待,8499.00,Apple产品京东自营旗舰店,自营
//item.jd.com/100009077453.html,10万+,AppleiPhone12Pro(A2408)256GB海蓝色支持移动联通电信5G双卡双待,9299.00,Apple产品京东自营旗舰店,自营
//item.jd.com/100016034360.html,10万+,AppleiPhone12Pro(A2408)256GB金色支持移动联通电信5G双卡双待,9299.00,Apple产品京东自营旗舰店,自营
//item.jd.com/100016034382.html,10万+,AppleiPhone12Pro(A2408)256GB石墨色支持移动联通电信5G双卡双待,9299.00,Apple产品京东自营旗舰店,自营
//item.jd.com/100009077471.html,10万+,AppleiPhone12Pro(A2408)256GB银色支持移动联通电信5G双卡双待,9299.00,Apple产品京东自营旗舰店,自营
//item.jd.com/100016034336.html,10万+,AppleiPhone12Pro(A2408)512GB银色支持移动联通电信5G双卡双待,11099.00,Apple产品京东自营旗舰店,自营
//item.jd.com/100016034368.html,10万+,AppleiPhone12Pro(A2408)512GB海蓝色支持移动联通电信5G双卡双待,11099.00,Apple产品京东自营旗舰店,自营
//item.jd.com/100016034370.html,10万+,AppleiPhone12Pro(A2408)512GB石墨色支持移动联通电信5G双卡双待,11099.00,Apple产品京东自营旗舰店,自营
//item.jd.com/100016034340.html,10万+,AppleiPhone12Pro(A2408)512GB金色支持移动联通电信5G双卡双待,11099.00,Apple产品京东自营旗舰店,自营
//item.jd.com/100017176282.html,10万+,AppleiPhone12(A2404)128GB绿色支持移动联通电信5G双卡双待【购机补贴版】,6799.00,Apple产品京东自营旗舰店,自营
//item.jd.com/100015627006.html,10万+,一加OnePlus8T5G旗舰120Hz柔性直屏65W闪充高通骁龙865超清四摄12GB+256GB银时拍照游戏,3299.00,一加手机京东自营官方旗舰店,自营
//item.jd.com/100015627000.html,10万+,一加OnePlus8T5G旗舰120Hz柔性直屏65W闪充高通骁龙865超清四摄8GB+128GB银时拍照游戏,2899.00,一加手机京东自营官方旗舰店,自营
//item.jd.com/100015626996.html,10万+,一加OnePlus8T5G旗舰120Hz柔性直屏65W闪充高通骁龙865超清四摄12GB+256GB青域拍照游戏,3299.00,一加手机京东自营官方旗舰店,自营
//item.jd.com/100008807575.html,10万+,一加OnePlus8T5G旗舰120Hz柔性直屏65W闪充高通骁龙865超清四摄8GB+128GB青域拍照游戏,2899.00,一加手机京东自营官方旗舰店,自营
//item.jd.com/100010763718.html,10万+,OPPOA8多功能AI三摄4230mAh大电池6.5英寸水滴屏美颜拍照智能4GB+128GB天青色,999.00,OPPO京东自营官方旗舰店,自营
//item.jd.com/100010763726.html,10万+,OPPOA8多功能AI三摄4230mAh大电池6.5英寸水滴屏美颜拍照智能4GB+128GB秘夜黑,999.00,OPPO京东自营官方旗舰店,自营
//item.jd.com/100012892160.html,10万+,OPPOA8多功能AI三摄4230mAh大电池6.5英寸水滴屏美颜拍照智能4GB+64GB天青色,999.00,OPPO京东自营官方旗舰店,自营
//item.jd.com/100007048955.html,10万+,OPPOA8多功能AI三摄4230mAh大电池6.5英寸水滴屏美颜拍照智能4GB+64GB石榴红,999.00,OPPO京东自营官方旗舰店,自营
//item.jd.com/100012892172.html,10万+,OPPOA8多功能AI三摄4230mAh大电池6.5英寸水滴屏美颜拍照智能4GB+64GB秘夜黑,999.00,OPPO京东自营官方旗舰店,自营
//item.jd.com/100012797742.html,10万+,诺基亚NOKIA2204G移动联通电信三网4G蓝色直板按键双卡双待备用功能机老人老年学生备用机,279.00,诺基亚手机京东自营旗舰店,自营
//item.jd.com/100005162036.html,10万+,诺基亚（NOKIA）210灰色直板按键移动2G老人老年直板按键学生备用功能机超长待机,199.00,诺基亚手机京东自营旗舰店,自营
//item.jd.com/100005162048.html,10万+,诺基亚（NOKIA）210黑色直板按键移动2G老人老年直板按键学生备用功能机超长待机,199.00,诺基亚手机京东自营旗舰店,自营
//item.jd.com/100012749292.html,10万+,华为HUAWEInova7Pro3200万追焦双摄50倍潜望式变焦四摄5GSoC芯片8GB+128GB绮境森林全网通5G,3699.00,华为京东自营官方旗舰店,自营
//item.jd.com/100006987227.html,10万+,华为HUAWEInova7Pro3200万追焦双摄50倍潜望式变焦四摄5GSoC芯片8GB+128GB仲夏紫全网通5G,3699.00,华为京东自营官方旗舰店,自营
//item.jd.com/100006976895.html,10万+,华为HUAWEInova7Pro3200万追焦双摄50倍潜望式变焦四摄5GSoC芯片8GB+128GB7号色全网通5G,3699.00,华为京东自营官方旗舰店,自营
//item.jd.com/100012749290.html,10万+,华为HUAWEInova7Pro3200万追焦双摄50倍潜望式变焦四摄5GSoC芯片8GB+128GB亮黑色全网通5G,3699.00,华为京东自营官方旗舰店,自营
//item.jd.com/4270023.html,10万+,天语（K-Touch）E2直板按键老人电信老人机学生备用2G功能机铂光金,139.00,天语手机京东自营官方旗舰店,自营
//item.jd.com/4270017.html,10万+,天语（K-Touch）T2黑色老人语音播报移动联通2G直板按键大字大声老年学生备用功能,99.00,天语手机京东自营官方旗舰店,自营
//item.jd.com/100014565800.html,10万+,小米10至尊纪念版双模5G骁龙865120HZ高刷新率120倍长焦镜头120W快充8GB+128GB陶瓷黑游戏,4999.00,小米京东自营旗舰店,自营
//item.jd.com/100014565820.html,10万+,小米10至尊纪念版双模5G骁龙865120HZ高刷新率120倍长焦镜头120W快充12GB+256GB陶瓷黑游戏,5999.00,小米京东自营旗舰店,自营
//item.jd.com/100016135660.html,10万+,vivoiQOOU1x6GB+128GB晨霜白5000mAh大电池骁龙662处理器AI全场景三摄全网通大屏拍照iqoou1x,1099.00,iQOO京东官方自营旗舰店,自营
//item.jd.com/100009144369.html,10万+,vivoiQOOU1x6GB+128GB曜光黑5000mAh大电池骁龙662处理器AI全场景三摄全网通大屏拍照iqoou1x,1099.00,iQOO京东官方自营旗舰店,自营
//item.jd.com/100016135678.html,10万+,vivoiQOOU1x6GB+64GB曜光黑5000mAh大电池骁龙662处理器AI全场景三摄全网通大屏拍照iqoou1x,999.00,iQOO京东官方自营旗舰店,自营
//item.jd.com/100016135628.html,10万+,vivoiQOOU1x6GB+64GB晨霜白5000mAh大电池骁龙662处理器AI全场景三摄全网通大屏拍照iqoou1x,999.00,iQOO京东官方自营旗舰店,自营
//item.jd.com/100017162590.html,10万+,RedmiNote95G天玑800U18W快充4800万超清三摄青山外6GB+128GB游戏智能小米红米【购机补贴版】,1299.00,小米京东自营旗舰店,自营
//item.jd.com/100010422114.html,10万+,华为HUAWEI畅享10S炫彩OLED屏幕指纹4800万超广角AI三摄4000mAh大电池6GB+128GB幻夜黑全网通双4G,1699.00,华为京东自营官方旗舰店,自营
//item.jd.com/100010422128.html,10万+,华为HUAWEI畅享10S炫彩OLED屏幕指纹4800万超广角AI三摄4000mAh大电池6GB+128GB翡冷翠全网通双4G,1699.00,华为京东自营官方旗舰店,自营
//item.jd.com/100010422126.html,10万+,华为HUAWEI畅享10S炫彩OLED屏幕指纹4800万超广角AI三摄4000mAh大电池6GB+128GB天空之境全网通双4G,1699.00,华为京东自营官方旗舰店,自营
//item.jd.com/100012223328.html,10万+,一加OnePlus8Pro5G旗舰2K+120Hz柔性屏30W无线闪充高通骁龙86512GB+256GB黑镜拍照游戏,3799.00,一加手机京东自营官方旗舰店,自营
//item.jd.com/100012340476.html,10万+,一加OnePlus8Pro5G旗舰2K+120Hz柔性屏30W无线闪充高通骁龙86512GB+256GB蓝调超清超广角游戏,3799.00,一加手机京东自营官方旗舰店,自营
//item.jd.com/100006713417.html,10万+,一加OnePlus8Pro5G旗舰2K+120Hz柔性屏30W无线闪充高通骁龙86512GB+256GB青空拍照游戏,3799.00,一加手机京东自营官方旗舰店,自营
//item.jd.com/100012223336.html,10万+,一加OnePlus8Pro5G旗舰2K+120Hz柔性屏30W无线闪充高通骁龙8658GB+128GB青空拍照游戏,3599.00,一加手机京东自营官方旗舰店,自营
//item.jd.com/100013879630.html,10万+,vivoiQOOZ1x8GB+128GB海蔚蓝骁龙765G120Hz竞速屏5000mAh超大电池双模5G全网通iqooz1x,1898.00,iQOO京东官方自营旗舰店,自营
//item.jd.com/100007644459.html,10万+,vivoiQOOZ1x8GB+128GB锐酷黑骁龙765G120Hz竞速屏5000mAh超大电池双模5G全网通iqooz1x,1898.00,iQOO京东官方自营旗舰店,自营
//item.jd.com/100013879668.html,10万+,vivoiQOOZ1x水漾白8GB+128GB骁龙765G120Hz竞速屏5000mAh超大电池双模5G全网通iqooz1x,1898.00,iQOO京东官方自营旗舰店,自营
//item.jd.com/5980401.html,10万+,守护宝(上海中兴)F888直板按键超长待机三防老人双卡双待黑色2G移动/联通版,169.00,守护宝手机京东自营旗舰店,自营
//item.jd.com/100006713425.html,10万+,一加OnePlus8Pro5G旗舰2K+120Hz柔性屏30W无线闪充高通骁龙8658GB+128GB黑镜拍照游戏,3599.00,一加手机京东自营官方旗舰店,自营
//item.jd.com/100011214925.html,10万+,vivoS95G8GB+256GB印象拾光前置4400万超清双摄后置6400万OIS黑光夜视6nm旗舰芯片拍照,2999.00,vivo京东自营官方旗舰店,自营
//item.jd.com/100018537968.html,10万+,vivoS95G8GB+128GB子夜蓝前置4400万超清双摄后置6400万OIS黑光夜视6nm旗舰芯片拍照,2899.00,vivo京东自营官方旗舰店,自营
//item.jd.com/100018886596.html,10万+,vivoS95G12GB+256GB朝露白前置4400万超清双摄后置6400万OIS黑光夜视6nm旗舰芯片拍照,3299.00,vivo京东自营官方旗舰店,自营
//item.jd.com/100018537932.html,10万+,vivoS95G12GB+256GB印象拾光前置4400万超清双摄后置6400万OIS黑光夜视6nm旗舰芯片拍照,3299.00,vivo京东自营官方旗舰店,自营
//item.jd.com/100018349362.html,10万+,vivoS95G8GB+128GB印象拾光前置4400万超清双摄后置6400万OIS黑光夜视6nm旗舰芯片拍照,2899.00,vivo京东自营官方旗舰店,自营
//item.jd.com/100018537964.html,10万+,vivoS95G12GB+256GB子夜蓝前置4400万超清双摄后置6400万OIS黑光夜视6nm旗舰芯片拍照,3299.00,vivo京东自营官方旗舰店,自营
//item.jd.com/100020996344.html,10万+,vivoS95G8GB+256GB朝露白前置4400万超清双摄后置6400万OIS黑光夜视6nm旗舰芯片拍照,2999.00,vivo京东自营官方旗舰店,自营
//item.jd.com/100020996346.html,10万+,vivoS95G8GB+256GB子夜蓝前置4400万超清双摄后置6400万OIS黑光夜视6nm旗舰芯片拍照,2999.00,vivo京东自营官方旗舰店,自营
//item.jd.com/100018537948.html,10万+,vivoS95G8GB+128GB朝露白前置4400万超清双摄后置6400万OIS黑光夜视6nm旗舰芯片拍照,2899.00,vivo京东自营官方旗舰店,自营
//item.jd.com/100009791460.html,10万+,AppleiPhone11(A2223)256GB黑色移动联通电信4G双卡双待【购机补贴版】,5699.00,Apple产品京东自营旗舰店,自营
//item.jd.com/100000322417.html,10万+,飞利浦PHILIPSE256S陨石黑双屏翻盖大屏大字移动联通2G双卡双待老人老年学生备用功能机,282.00,,自营
//item.jd.com/100013205938.html,10万+,三星SAMSUNGGalaxyA515G双模5GSuperAMOLED屏后置四摄3200万前置双卡双待8GB+128GB迷踪黑,2299.00,三星京东自营官方旗舰店,自营
//item.jd.com/100013216472.html,10万+,三星SAMSUNGGalaxyA515G双模5GSuperAMOLED屏后置四摄3200万前置双卡双待8GB+128GB落英粉,2299.00,三星京东自营官方旗舰店,自营
//item.jd.com/100013205936.html,10万+,三星SAMSUNGGalaxyA515G双模5GSuperAMOLED屏后置四摄3200万前置双卡双待8GB+128GB清新白,2299.00,三星京东自营官方旗舰店,自营
//item.jd.com/100020961264.html,10万+,AppleiPhone12mini(A2400)128GB紫色支持移动联通电信5G,5999.00,Apple产品京东自营旗舰店,自营
//item.jd.com/100016034354.html,10万+,AppleiPhone12mini(A2400)128GB白色支持移动联通电信5G,5999.00,Apple产品京东自营旗舰店,自营
//item.jd.com/100016034364.html,10万+,AppleiPhone12mini(A2400)256GB绿色支持移动联通电信5G,6799.00,Apple产品京东自营旗舰店,自营
//item.jd.com/100009077447.html,10万+,AppleiPhone12mini(A2400)128GB绿色支持移动联通电信5G,5999.00,Apple产品京东自营旗舰店,自营
//item.jd.com/100009077473.html,10万+,AppleiPhone12mini(A2400)64GB绿色支持移动联通电信5G,5499.00,Apple产品京东自营旗舰店,自营
//item.jd.com/100009077465.html,10万+,AppleiPhone12mini(A2400)128GB黑色支持移动联通电信5G,5999.00,Apple产品京东自营旗舰店,自营
//item.jd.com/100016034404.html,10万+,AppleiPhone12mini(A2400)64GB白色支持移动联通电信5G,5499.00,Apple产品京东自营旗舰店,自营
//item.jd.com/100009077455.html,10万+,AppleiPhone12mini(A2400)64GB蓝色支持移动联通电信5G,5499.00,Apple产品京东自营旗舰店,自营
//item.jd.com/100009077449.html,10万+,AppleiPhone12mini(A2400)128GB蓝色支持移动联通电信5G,5999.00,Apple产品京东自营旗舰店,自营
//item.jd.com/100016034424.html,10万+,AppleiPhone12mini(A2400)64GB黑色支持移动联通电信5G,5499.00,Apple产品京东自营旗舰店,自营
//item.jd.com/100009077445.html,10万+,AppleiPhone12mini(A2400)256GB蓝色支持移动联通电信5G,6799.00,Apple产品京东自营旗舰店,自营
//item.jd.com/100016034366.html,10万+,AppleiPhone12mini(A2400)256GB黑色支持移动联通电信5G,6799.00,Apple产品京东自营旗舰店,自营
//item.jd.com/100009077439.html,10万+,AppleiPhone12mini(A2400)256GB白色支持移动联通电信5G,6799.00,Apple产品京东自营旗舰店,自营
//item.jd.com/100009077469.html,10万+,AppleiPhone12mini(A2400)64GB红色支持移动联通电信5G,5499.00,Apple产品京东自营旗舰店,自营
//item.jd.com/100016034352.html,10万+,AppleiPhone12mini(A2400)128GB红色支持移动联通电信5G,5999.00,Apple产品京东自营旗舰店,自营
//item.jd.com/100020961236.html,10万+,AppleiPhone12mini(A2400)256GB紫色支持移动联通电信5G,6799.00,Apple产品京东自营旗舰店,自营
//item.jd.com/100009077437.html,10万+,AppleiPhone12mini(A2400)256GB红色支持移动联通电信5G,6799.00,Apple产品京东自营旗舰店,自营
//item.jd.com/100008342845.html,10万+,AppleiPhoneXR(A2108)64GB白色移动联通电信4G双卡双待【购机补贴版】,3999.00,Apple产品京东自营旗舰店,自营
//item.jd.com/100009345191.html,10万+,【赠卡首月免月租】AppleiPhone12(A2404)128GB蓝色支持移动联通电信5G双卡双待,6299.00,中国移动终端京东自营旗舰店,自营
//item.jd.com/100016437592.html,10万+,【赠卡首月免月租】AppleiPhone12(A2404)128GB绿色支持移动联通电信5G双卡双待,6299.00,中国移动终端京东自营旗舰店,自营
//item.jd.com/100009345175.html,10万+,【赠卡首月免月租】AppleiPhone12(A2404)256GB蓝色支持移动联通电信5G双卡双待,7149.00,中国移动终端京东自营旗舰店,自营
//item.jd.com/100016437616.html,10万+,【赠卡首月免月租】AppleiPhone12(A2404)64GB黑色支持移动联通电信5G双卡双待,5899.00,中国移动终端京东自营旗舰店,自营
//item.jd.com/100009345203.html,10万+,【赠卡首月免月租】AppleiPhone12(A2404)128GB黑色支持移动联通电信5G双卡双待,6399.00,中国移动终端京东自营旗舰店,自营
//item.jd.com/100016437606.html,10万+,【赠卡首月免月租】AppleiPhone12(A2404)128GB白色支持移动联通电信5G双卡双待,6399.00,中国移动终端京东自营旗舰店,自营
//item.jd.com/100016437554.html,10万+,【赠卡首月免月租】AppleiPhone12(A2404)256GB黑色支持移动联通电信5G双卡双待,7149.00,中国移动终端京东自营旗舰店,自营
//item.jd.com/100009345215.html,10万+,【赠卡首月免月租】AppleiPhone12(A2404)64GB蓝色支持移动联通电信5G双卡双待,5799.00,中国移动终端京东自营旗舰店,自营
//item.jd.com/100016437634.html,10万+,【赠卡首月免月租】AppleiPhone12(A2404)64GB白色支持移动联通电信5G双卡双待,5899.00,中国移动终端京东自营旗舰店,自营
//item.jd.com/100009345211.html,10万+,【赠卡首月免月租】AppleiPhone12(A2404)64GB红色支持移动联通电信5G双卡双待,5899.00,中国移动终端京东自营旗舰店,自营
//item.jd.com/100009345183.html,10万+,【赠卡首月免月租】AppleiPhone12(A2404)256GB绿色支持移动联通电信5G双卡双待,7149.00,中国移动终端京东自营旗舰店,自营
//item.jd.com/100016437548.html,10万+,【赠卡首月免月租】AppleiPhone12(A2404)256GB红色支持移动联通电信5G双卡双待,7149.00,中国移动终端京东自营旗舰店,自营
//item.jd.com/100020961238.html,10万+,AppleiPhone12mini(A2400)64GB紫色支持移动联通电信5G,5499.00,Apple产品京东自营旗舰店,自营
//item.jd.com/100010062187.html,10万+,AppleiPhone12(A2404)128GB蓝色支持移动联通电信5G双卡双待【快充套装】,6808.00,Apple产品京东自营旗舰店,自营
//item.jd.com/100013289674.html,10万+,OPPOA528GB+128GB凝光紫5000mAh超大电池+18W疾速快充星阵AI四摄侧边指纹全面屏拍照游戏智能,1349.00,OPPO京东自营官方旗舰店,自营
//item.jd.com/100012725248.html,10万+,OPPOA525000mAh超大电池长续航18W疾速快充星阵AI四摄美颜拍照游戏智能8GB+128GB星耀白,1399.00,OPPO京东自营官方旗舰店,自营
//item.jd.com/100017176284.html,10万+,AppleiPhone12(A2404)128GB蓝色支持移动联通电信5G双卡双待【购机补贴版】,6799.00,Apple产品京东自营旗舰店,自营
//item.jd.com/100016437576.html,10万+,【赠卡首月免月租】AppleiPhone12(A2404)256GB白色支持移动联通电信5G双卡双待,7149.00,中国移动终端京东自营旗舰店,自营
//item.jd.com/100006222219.html,10万+,腾讯黑鲨游戏38GB+128GB铠甲灰骁龙865270Hz触控采样率“三明治”液冷散热90Hz屏幕刷新率双模5G,2999.00,黑鲨京东自营官方旗舰店,自营
//item.jd.com/100018902022.html,10万+,vivoiQOONeo58GB+256GB云影蓝骁龙870独立显示芯片66W闪充专业电竞游戏双模5G全网通iqooneo5,2699.00,iQOO京东官方自营旗舰店,自营
//item.jd.com/100018902008.html,10万+,vivoiQOONeo512GB+256GB夜影黑骁龙870独立显示芯片66W闪充专业电竞游戏双模5G全网通iqooneo5,2969.00,iQOO京东官方自营旗舰店,自营
//item.jd.com/100018902024.html,10万+,vivoiQOONeo58GB+256GB夜影黑骁龙870独立显示芯片66W闪充专业电竞游戏双模5G全网通iqooneo5,2699.00,iQOO京东官方自营旗舰店,自营
//item.jd.com/100018901994.html,10万+,vivoiQOONeo58GB+128GB云影蓝骁龙870独立显示芯片66W闪充专业电竞游戏双模5G全网通iqooneo5,2499.00,iQOO京东官方自营旗舰店,自营
//item.jd.com/100018901992.html,10万+,vivoiQOONeo512GB+256GB云影蓝骁龙870独立显示芯片66W闪充专业电竞游戏双模5G全网通iqooneo5,2969.00,iQOO京东官方自营旗舰店,自营
//item.jd.com/100010514705.html,10万+,vivoiQOONeo58GB+128GB夜影黑骁龙870独立显示芯片66W闪充专业电竞游戏双模5G全网通iqooneo5,2499.00,iQOO京东官方自营旗舰店,自营
//item.jd.com/100018902006.html,10万+,vivoiQOONeo512GB+256GB像素橙骁龙870独立显示芯片66W闪充专业电竞游戏双模5G全网通iqooneo5,2999.00,iQOO京东官方自营旗舰店,自营
//item.jd.com/100012797716.html,10万+,诺基亚NOKIA2204G移动联通电信三网4G黑色直板按键双卡双待备用功能机老人老年学生备用机,279.00,诺基亚手机京东自营旗舰店,自营
//item.jd.com/100000400130.html,10万+,魅族16XAI双摄拍照6GB+64GB砚墨黑骁龙710全网通4G游戏智能双卡双待,1199.00,魅族京东自营旗舰店,自营
//item.jd.com/100010514703.html,10万+,vivoiQOONeo58GB+256GB像素橙骁龙870独立显示芯片66W闪充专业电竞游戏双模5G全网通iqooneo5,2699.00,iQOO京东官方自营旗舰店,自营
//item.jd.com/100015055012.html,10万+,realme真我X7Pro120Hz柔性屏仅184g65W闪充6400万超广角四摄C位色8GB+256GB游戏5g轻薄旗舰,2599.00,realme真我京东自营旗舰店,自营
//item.jd.com/100010668303.html,10万+,realme真我X7Pro至尊版6400万像素65W智慧闪充7.8mm轻薄双曲面仅170g天空之城8GB+128GB双5g游戏,2399.00,realme真我京东自营旗舰店,自营
//item.jd.com/100019362192.html,10万+,realme真我X7Pro至尊版6400万像素65W智慧闪充7.8mm轻薄双曲面仅170g天空之城12GB+256GB双5g游戏,2699.00,realme真我京东自营旗舰店,自营
//item.jd.com/100019362204.html,10万+,realme真我X7Pro至尊版6400万像素65W智慧闪充7.8mm轻薄双曲面仅170g黑巧森林12GB+256GB双5g游戏,2699.00,realme真我京东自营旗舰店,自营
//item.jd.com/100015054676.html,10万+,realme真我X7Pro120Hz柔性屏仅184g65W闪充6400万超广角四摄星宇黑8GB+128GB游戏5g轻薄旗舰,2299.00,realme真我京东自营旗舰店,自营
//item.jd.com/100019362202.html,10万+,realme真我X7Pro至尊版6400万像素65W智慧闪充7.8mm轻薄双曲面仅170g黑巧森林8GB+128GB双5g游戏,2399.00,realme真我京东自营旗舰店,自营
//item.jd.com/100019362202.html,10万+,realme真我X7Pro至尊版6400万像素65W智慧闪充7.8mm轻薄双曲面仅170g黑巧森林8GB+128GB双5g游戏,2399.00,realme真我京东自营旗舰店,自营
//item.jd.com/100008428105.html,10万+,realme真我X7Pro120Hz柔性屏仅184g65W闪充6400万超广角四摄幻梦白8GB+128GB游戏5g轻薄旗舰,2299.00,realme真我京东自营旗舰店,自营
//item.jd.com/100008428159.html,10万+,realme真我X7Pro120Hz柔性屏仅184g65W闪充6400万超广角四摄幻梦白8GB+256GB游戏5g轻薄旗舰,2599.00,realme真我京东自营旗舰店,自营
//item.jd.com/100008427833.html,10万+,realme真我X7Pro120Hz柔性屏仅184g65W闪充6400万超广角四摄星宇黑8GB+256GB游戏5g轻薄旗舰,2599.00,realme真我京东自营旗舰店,自营
//item.jd.com/100009791492.html,10万+,AppleiPhone11(A2223)64GB紫色移动联通电信4G双卡双待【购机补贴版】,4499.00,Apple产品京东自营旗舰店,自营
//item.jd.com/100018410642.html,10万+,RedmiNote94G6000mAh大电池骁龙662处理器18W快充烟波蓝6GB+128GB游戏智能小米红米,1128.00,小米京东自营旗舰店,自营
//item.jd.com/100010300500.html,10万+,飞利浦（PHILIPS）E209老人移动/联通2G按键直板老年机大字大声学生备用功能机宝石蓝,168.00,飞利浦手机京东自营旗舰店,自营
//item.jd.com/100012372810.html,10万+,OPPOAce28+128月岩灰高通骁龙865双模5G185g超薄机身65W超级闪充40W无线闪充90Hz电竞屏,2699.00,OPPO京东自营官方旗舰店,自营
//item.jd.com/100012372814.html,10万+,OPPOAce212+256月岩灰高通骁龙865双模5G185g超薄机身65W超级闪充40W无线闪充90Hz电竞屏,3499.00,OPPO京东自营官方旗舰店,自营
//item.jd.com/100018642180.html,10万+,RedmiK40Pro旗舰骁龙888三星E4旗舰120Hz高刷直屏6400万高清三摄相机杜比全景音33W快充8GB+256GB墨羽游戏电竞智能5G小米红米,3299.00,小米京东自营旗舰店,自营
//item.jd.com/100018642468.html,10万+,RedmiK40Pro+旗舰骁龙888三星E4旗舰120Hz高刷直屏一亿像素夜景相机杜比全景音33W快充12GB+256GB晴雪游戏电竞智能5G小米红米,3699.00,小米京东自营旗舰店,自营
//item.jd.com/100018642156.html,10万+,RedmiK40Pro旗舰骁龙888三星E4旗舰120Hz高刷直屏6400万高清三摄相机杜比全景音33W快充8GB+128GB幻境游戏电竞智能5G小米红米,2999.00,小米京东自营旗舰店,自营
//item.jd.com/100018642196.html,10万+,RedmiK40Pro+旗舰骁龙888三星E4旗舰120Hz高刷直屏一亿像素夜景相机杜比全景音33W快充12GB+256GB墨羽游戏电竞智能5G小米红米,3699.00,小米京东自营旗舰店,自营
//item.jd.com/100018642492.html,10万+,RedmiK40Pro+旗舰骁龙888三星E4旗舰120Hz高刷直屏一亿像素夜景相机杜比全景音33W快充12GB+256GB幻境游戏电竞智能5G小米红米,3699.00,小米京东自营旗舰店,自营
//item.jd.com/100010428811.html,10万+,RedmiK40Pro旗舰骁龙888三星E4旗舰120Hz高刷直屏6400万高清三摄相机杜比全景音33W快充8GB+128GB墨羽游戏电竞智能5G小米红米,2999.00,小米京东自营旗舰店,自营
//item.jd.com/100018642178.html,10万+,RedmiK40Pro旗舰骁龙888三星E4旗舰120Hz高刷直屏6400万高清三摄相机杜比全景音33W快充8GB+256GB幻境游戏电竞智能5G小米红米,3299.00,小米京东自营旗舰店,自营
//item.jd.com/100010428815.html,10万+,RedmiK40Pro旗舰骁龙888三星E4旗舰120Hz高刷直屏6400万高清三摄相机杜比全景音33W快充8GB+256GB晴雪游戏电竞智能5G小米红米,3299.00,小米京东自营旗舰店,自营
//item.jd.com/100018640872.html,10万+,RedmiK40Pro旗舰骁龙888三星E4旗舰120Hz高刷直屏6400万高清三摄相机杜比全景音33W快充6GB+128GB墨羽游戏电竞智能5G小米红米,2799.00,小米京东自营旗舰店,自营
//item.jd.com/100010428809.html,10万+,RedmiK40Pro旗舰骁龙888三星E4旗舰120Hz高刷直屏6400万高清三摄相机杜比全景音33W快充8GB+128GB晴雪游戏电竞智能5G小米红米,2999.00,小米京东自营旗舰店,自营
//item.jd.com/100009836745.html,10万+,AppleiPhone12ProMax(A2412)256GB海蓝色支持移动联通电信5G双卡双待【购机补贴版】,10099.00,Apple产品京东自营旗舰店,自营
//item.jd.com/3718259.html,10万+,守护宝（上海中兴）L660典雅红双屏翻盖大屏大字超长待机移动联通2G老人老年学生备用功能机,189.00,,自营
//item.jd.com/3718273.html,10万+,守护宝(上海中兴)L660天空灰双屏翻盖大屏大字超长待机移动联通2G老人老年学生备用功能机,189.00,,自营
//item.jd.com/100016423708.html,10万+,Redmi9大字体大音量大内存全场景AI四摄高性能游戏芯4GB+64GB霓虹蓝游戏智能小米红米【购机补贴版】,799.00,小米京东自营旗舰店,自营
//item.jd.com/100010681481.html,10万+,OPPOA938+128GB雅银骁龙双模5G超大存储5000mAh大电池18W疾速快充90Hz高刷屏4800万三摄全面屏,1799.00,OPPO京东自营官方旗舰店,自营
//item.jd.com/100019402158.html,10万+,OPPOA938+128GB极光骁龙双模5G超大存储5000mAh大电池18W疾速快充90Hz高刷屏4800万三摄全面屏,1799.00,OPPO京东自营官方旗舰店,自营
//item.jd.com/100017744916.html,10万+,OPPOA938+256GB极光骁龙双模5G超大存储5000mAh大电池18W疾速快充90Hz高刷屏4800万三摄全面屏,1999.00,OPPO京东自营官方旗舰店,自营
//item.jd.com/100017743478.html,10万+,OPPOA938+256GB雅银骁龙双模5G超大存储5000mAh大电池18W疾速快充90Hz高刷屏4800万三摄全面屏,1999.00,OPPO京东自营官方旗舰店,自营
//item.jd.com/100010129019.html,10万+,OPPOA938+256GB炫黑骁龙双模5G超大存储5000mAh大电池18W疾速快充90Hz高刷屏4800万三摄全面屏,1999.00,OPPO京东自营官方旗舰店,自营
//item.jd.com/100010681479.html,10万+,OPPOA938+128GB炫黑骁龙双模5G超大存储5000mAh大电池18W疾速快充90Hz高刷屏4800万三摄全面屏,1799.00,OPPO京东自营官方旗舰店,自营
//item.jd.com/100014391714.html,10万+,vivoiQOOU16GB+128GB秘境黑骁龙720G4500mAh大电池18W闪充超强续航全网通拍照大屏幕iqoou1,1198.00,iQOO京东官方自营旗舰店,自营
//item.jd.com/100007985005.html,10万+,vivoiQOOU18GB+128GB星耀蓝骁龙720G4500mAh大电池18W闪充超强续航全网通拍照大屏幕iqoou1,1398.00,iQOO京东官方自营旗舰店,自营
//item.jd.com/100014391710.html,10万+,vivoiQOOU18GB+128GB晴霜白骁龙720G4500mAh大电池18W闪充超强续航全网通拍照大屏幕iqoou1,1398.00,iQOO京东官方自营旗舰店,自营
//item.jd.com/100017286238.html,10万+,OPPOReno55G6400万水光人像四摄65W超级闪充12+256GB星河入梦全网通【购机补贴版】,2999.00,OPPO京东自营官方旗舰店,自营
//item.jd.com/7293056.html,10万+,锤子（smartisan）坚果Pro2特别版6G+64GB碳黑色全面屏双摄全网通4G双卡双待游戏,1499.00,锤子科技京东自营旗舰店,自营
//item.jd.com/4893361.html,10万+,诺基亚（NOKIA）新130黑色直板按键移动2G双卡双待老人老年学生备用功能机超长待机,153.00,诺基亚手机京东自营旗舰店,自营
//item.jd.com/6425153.html,10万+,飞利浦（PHILIPS）E171L相思红直板按键移动/联通2G老人超长待机老年备用功能机,198.00,飞利浦手机京东自营旗舰店,自营
//item.jd.com/100011066403.html,10万+,vivoiQOO78GB+256GB传奇版高通骁龙888120W超快闪充KPL官方赛事电竞双模5G全网通vivoiqoo7,3898.00,iQOO京东官方自营旗舰店,自营
//item.jd.com/100017405464.html,10万+,vivoiQOO712GB+256GB潜蓝骁龙888120W超快闪充KPL官方赛事电竞双模5G全网通vivoiqoo7,4178.00,iQOO京东官方自营旗舰店,自营
//item.jd.com/100009989503.html,10万+,vivoiQOO712GB+256GB传奇版骁龙888120W超快闪充KPL官方赛事电竞双模5G全网通vivoiqoo7,4178.00,iQOO京东官方自营旗舰店,自营
//item.jd.com/100020553036.html,10万+,vivoiQOO78GB+256GB潜蓝高通骁龙888120W超快闪充KPL官方赛事电竞双模5G全网通vivoiqoo7,3898.00,iQOO京东官方自营旗舰店,自营
//item.jd.com/100017405448.html,10万+,vivoiQOO712GB+256GB黑境骁龙888120W超快闪充KPL官方赛事电竞双模5G全网通vivoiqoo7,4178.00,iQOO京东官方自营旗舰店,自营
//item.jd.com/100017405412.html,10万+,vivoiQOO78GB+128GB黑境高通骁龙888120W超快闪充KPL官方赛事电竞双模5G全网通vivoiqoo7,3798.00,iQOO京东官方自营旗舰店,自营
//item.jd.com/100020553062.html,10万+,vivoiQOO78GB+256GB黑境高通骁龙888120W超快闪充KPL官方赛事电竞双模5G全网通vivoiqoo7,3798.00,iQOO京东官方自营旗舰店,自营
//item.jd.com/100017405414.html,10万+,vivoiQOO78GB+128GB潜蓝高通骁龙888120W超快闪充KPL官方赛事电竞双模5G全网通vivoiqoo7,3798.00,iQOO京东官方自营旗舰店,自营
//item.jd.com/72032259399.html,10万+,小米红米9A智能老人砂石黑全网通4G+64G,585.00,佳沪电商旗舰店,非自营
//item.jd.com/72032259400.html,10万+,小米红米9A智能老人湖光绿全网通4G+64G,585.00,佳沪电商旗舰店,非自营
//item.jd.com/71828396193.html,10万+,小米红米9A智能老人晴空蓝全网通4G+64G,585.00,佳沪电商旗舰店,非自营
//item.jd.com/100020882346.html,10万+,华为HUAWEInova8麒麟9855GSoC芯片6400万魅力四摄66W华为超级快充8GB+128GB普罗旺斯全网通5G套餐一（无充电器和数据线）,3099.00,华为京东自营官方旗舰店,自营
//item.jd.com/100009896611.html,10万+,华为HUAWEInova8麒麟9855GSoC芯片6400万魅力四摄66W华为超级快充8GB+128GB8号色全网通5G套餐二（含充电器和数据线）,3299.00,华为京东自营官方旗舰店,自营
//item.jd.com/100009896609.html,10万+,华为HUAWEInova8麒麟9855GSoC芯片6400万魅力四摄66W华为超级快充8GB+128GB普罗旺斯全网通5G套餐二（含充电器和数据线）,3299.00,华为京东自营官方旗舰店,自营
//item.jd.com/100020882326.html,10万+,华为HUAWEInova8麒麟9855GSoC芯片6400万魅力四摄66W华为超级快充8GB+128GB8号色全网通5G套餐一（无充电器和数据线）,3099.00,华为京东自营官方旗舰店,自营
//item.jd.com/100020882298.html,10万+,华为HUAWEInova8麒麟9855GSoC芯片6400万魅力四摄66W华为超级快充8GB+128GB绮境森林全网通5G套餐一（无充电器和数据线）,3099.00,华为京东自营官方旗舰店,自营
//item.jd.com/100017266062.html,10万+,华为HUAWEInova8麒麟9855GSoC芯片6400万魅力四摄66W华为超级快充8GB+128GB亮黑色全网通5G套餐二（含充电器和数据线）,3299.00,华为京东自营官方旗舰店,自营
//item.jd.com/100020882300.html,10万+,华为HUAWEInova8麒麟9855GSoC芯片6400万魅力四摄66W华为超级快充8GB+128GB亮黑色全网通5G套餐一（无充电器和数据线）,3099.00,华为京东自营官方旗舰店,自营
//item.jd.com/100009896605.html,10万+,华为HUAWEInova8麒麟9855GSoC芯片6400万魅力四摄66W华为超级快充8GB+128GB绮境森林全网通5G套餐二（含充电器和数据线）,3299.00,华为京东自营官方旗舰店,自营
//item.jd.com/100009791458.html,10万+,AppleiPhone11(A2223)256GB白色移动联通电信4G双卡双待【购机补贴版】,5699.00,Apple产品京东自营旗舰店,自营
//item.jd.com/100017020828.html,10万+,vivoiQOOU36GB+64GB太初黑天玑800U八核处理器5000mAh大电池90Hz竞速屏5G全网通iqoou3,1148.00,iQOO京东官方自营旗舰店,自营
//item.jd.com/100017020842.html,10万+,vivoiQOOU36GB+128GB太初黑天玑800U八核处理器5000mAh大电池90Hz竞速屏5G全网通iqoou3,1398.00,iQOO京东官方自营旗舰店,自营
//item.jd.com/5179862.html,10万+,诺基亚（NOKIA）3310黄色直板按键移动2G双卡双待经典复刻学生备用功能机老人老年,329.00,诺基亚手机京东自营旗舰店,自营
//item.jd.com/5557726.html,10万+,诺基亚（NOKIA）3310红色直板按键移动2G双卡双待经典复刻学生备用功能机老人老年,329.00,诺基亚手机京东自营旗舰店,自营
//item.jd.com/5557726.html,10万+,诺基亚（NOKIA）3310红色直板按键移动2G双卡双待经典复刻学生备用功能机老人老年,329.00,诺基亚手机京东自营旗舰店,自营
//item.jd.com/5179880.html,10万+,诺基亚（NOKIA）3310灰色直板按键移动2G双卡双待经典复刻学生备用功能机老人老年,329.00,诺基亚手机京东自营旗舰店,自营
//item.jd.com/100017162594.html,10万+,RedmiNote9Pro5G一亿像素骁龙750G33W快充120Hz刷新率湖光秋色 8GB+256GB游戏智能小米红米【购机补贴版】,1999.00,小米京东自营旗舰店,自营
//item.jd.com/100014661046.html,5万+,诺基亚NOKIA125蓝色直板按键移动2G双卡双待老人老年学生备用功能机超长待机,169.00,诺基亚手机京东自营旗舰店,自营
//item.jd.com/100003475378.html,5万+,三星SAMSUNGGalaxyS10(SM-G9730)骁龙855超感屏超声波屏下指纹全网通双卡双待游戏8GB+128GB炭晶黑,3299.00,三星京东自营官方旗舰店,自营
//item.jd.com/100002355147.html,5万+,三星SAMSUNGGalaxyS10(SM-G9730)骁龙855超感屏超声波屏下指纹全网通双卡双待游戏8GB+128GB皓玉白,3299.00,三星京东自营官方旗舰店,自营
//item.jd.com/100015716998.html,5万+,坚果R212GB+256GB松绿色1亿像素骁龙865双系统双模5G旗舰,3299.00,坚果手机京东自营官方旗舰店,自营
//item.jd.com/100016166640.html,5万+,坚果R28GB+256GB松绿色1亿像素骁龙865双系统双模5G旗舰,3299.00,坚果手机京东自营官方旗舰店,自营
//item.jd.com/100008865649.html,5万+,坚果R28GB+256GB浅黑色1亿像素骁龙865双系统双模5G旗舰,3299.00,坚果手机京东自营官方旗舰店,自营
//item.jd.com/100008865903.html,5万+,坚果R28GB+128GB浅黑色1亿像素骁龙865双系统双模5G旗舰,2999.00,坚果手机京东自营官方旗舰店,自营
//item.jd.com/100009421951.html,5万+,坚果R216GB+512GB纯白色光阴特别版1亿像素骁龙865双系统双模5G旗舰,5499.00,坚果手机京东自营官方旗舰店,自营
//item.jd.com/100016166682.html,5万+,SmartisanTNT大满足套装无线版坚果R212GB+256GB松绿色双系统双模5G旗舰,5699.00,坚果手机京东自营官方旗舰店,自营
//item.jd.com/100015911294.html,5万+,三星SAMSUNGGalaxyS20FE5G(SM-G7810)5G骁龙865120Hz多彩雾面质感游戏8GB+128GB空境白,3899.00,三星京东自营官方旗舰店,自营
//item.jd.com/100015911142.html,5万+,三星SAMSUNGGalaxyS20FE5G(SM-G7810)5G骁龙865120Hz多彩雾面质感游戏8GB+256GB空境白,4299.00,三星京东自营官方旗舰店,自营
//item.jd.com/100015911310.html,5万+,三星SAMSUNGGalaxyS20FE5G(SM-G7810)5G骁龙865120Hz多彩雾面质感游戏8GB+128GB异想蓝,3899.00,三星京东自营官方旗舰店,自营
//item.jd.com/100015911308.html,5万+,三星SAMSUNGGalaxyS20FE5G(SM-G7810)5G骁龙865120Hz多彩雾面质感游戏8GB+128GB灵感红,3899.00,三星京东自营官方旗舰店,自营
//item.jd.com/100015911216.html,5万+,三星SAMSUNGGalaxyS20FE5G(SM-G7810)5G骁龙865120Hz多彩雾面质感游戏8GB+128GB奇幻紫,3899.00,三星京东自营官方旗舰店,自营
//item.jd.com/100008995453.html,5万+,三星SAMSUNGGalaxyS20FE5G(SM-G7810)5G骁龙865120Hz多彩雾面质感游戏8GB+128GB光合绿,3899.00,三星京东自营官方旗舰店,自营
//item.jd.com/100008995393.html,5万+,三星SAMSUNGGalaxyS20FE5G(SM-G7810)5G骁龙865120Hz多彩雾面质感游戏8GB+256GB异想蓝,4299.00,三星京东自营官方旗舰店,自营
//item.jd.com/100008995369.html,5万+,三星SAMSUNGGalaxyS20FE5G(SM-G7810)5G骁龙865120Hz多彩雾面质感游戏8GB+256GB光合绿,4299.00,三星京东自营官方旗舰店,自营
//item.jd.com/100017162624.html,5万+,RedmiNote9Pro5G一亿像素骁龙750G33W快充120Hz刷新率碧海星辰 8GB+256GB游戏智能小米红米【购机补贴版】,1999.00,小米京东自营旗舰店,自营
//item.jd.com/6069878.html,5万+,天语（K-Touch）Q21老人直板按键大字大声超长待机老年学生备用功能机移动/联通2G金色,89.00,天语手机京东自营官方旗舰店,自营
//item.jd.com/8797296.html,5万+,天语（K-Touch）Q21C老人直板按键大字大声电信老年2G超长待机学生备用功能机铂光金,129.00,天语手机京东自营官方旗舰店,自营
//item.jd.com/100015206670.html,5万+,飞利浦（PHILIPS）E517A典雅黑老人移动联通电信三网4G直板按键儿童学生备用功能机4G老年,259.00,飞利浦手机京东自营旗舰店,自营
//item.jd.com/100002092243.html,5万+,纽曼（Newman）R15星空黑学生卡片移动2G超薄迷你儿童小备用机非智能戒网老人,168.00,纽曼京东自营官方旗舰店,自营
//item.jd.com/100005437210.html,5万+,纽曼（Newman）R15c星空黑4G全网通学生卡片超薄迷你可爱儿童小备用机非智能戒网,238.00,纽曼京东自营官方旗舰店,自营
//item.jd.com/100003057352.html,5万+,纽曼（Newman）R15爵士蓝学生卡片移动2G超薄迷你儿童小备用机非智能戒网老人,168.00,纽曼京东自营官方旗舰店,自营
//item.jd.com/100005437224.html,5万+,纽曼（Newman）R15c爵士蓝4G全网通学生卡片超薄迷你可爱儿童小备用机非智能戒网,238.00,纽曼京东自营官方旗舰店,自营
//item.jd.com/100017162626.html,5万+,RedmiNote9Pro5G一亿像素骁龙750G33W快充120Hz刷新率湖光秋色 8GB+128GB游戏智能小米红米【购机补贴版】,1799.00,小米京东自营旗舰店,自营
//item.jd.com/100003057362.html,5万+,纽曼（Newman）R15中国红学生卡片移动2G超薄迷你儿童小备用机非智能戒网老人,168.00,纽曼京东自营官方旗舰店,自营
